time,country,cum_confirm,cum_heal,cum_dead
2019-12-01,中国,1,0,0
2019-12-02,中国,1,0,0
2019-12-03,中国,1,0,0
2019-12-04,中国,1,0,0
2019-12-05,中国,1,0,0
2019-12-06,中国,1,0,0
2019-12-07,中国,1,0,0
2019-12-08,中国,1,0,0
2019-12-09,中国,1,0,0
2019-12-10,中国,1,0,0
2019-12-11,中国,4,0,0
2019-12-12,中国,4,0,0
2019-12-13,中国,4,0,0
2019-12-14,中国,4,0,0
2019-12-15,中国,6,0,0
2019-12-16,中国,6,0,0
2019-12-17,中国,7,0,0
2019-12-18,中国,8,0,0
2019-12-19,中国,9,0,0
2019-12-20,中国,14,0,0
2019-12-21,中国,18,0,0
2019-12-22,中国,21,0,0
2019-12-23,中国,29,0,0
2019-12-24,中国,30,0,0
2019-12-25,中国,33,0,0
2019-12-26,中国,35,0,0
2019-12-27,中国,37,0,0
2019-12-28,中国,37,0,0
2019-12-29,中国,37,0,0
2019-12-30,中国,37,0,0
2019-12-31,中国,40,0,0
2020-01-01,中国,43,0,0
2020-01-02,中国,44,0,0
2020-01-03,中国,44,0,0
2020-01-04,中国,44,0,0
2020-01-05,中国,44,0,0
2020-01-06,中国,44,0,0
2020-01-07,中国,44,0,0
2020-01-08,中国,44,0,0
2020-01-09,中国,44,0,0
2020-01-10,中国,44,2,1
2020-01-11,中国,44,6,1
2020-01-12,中国,44,7,1
2020-01-13,中国,44,7,1
2020-01-14,中国,44,7,1
2020-01-15,中国,44,12,2
2020-01-16,日本,1,1,0
2020-01-16,泰国,1,0,0
2020-01-16,中国,45,15,2
2020-01-17,日本,1,1,0
2020-01-17,中国,62,19,2
2020-01-18,日本,1,1,0
2020-01-18,中国,198,24,3
2020-01-19,日本,1,1,0
2020-01-19,中国,275,25,4
2020-01-20,韩国,1,0,0
2020-01-20,日本,1,1,0
2020-01-20,泰国,2,0,0
2020-01-20,中国,291,25,6
2020-01-21,韩国,1,0,0
2020-01-21,日本,1,1,0
2020-01-21,泰国,3,0,0
2020-01-21,中国,440,25,9
2020-01-22,韩国,1,0,0
2020-01-22,美国,1,0,0
2020-01-22,日本,1,1,0
2020-01-22,泰国,3,0,0
2020-01-22,中国,571,25,17
2020-01-23,韩国,1,0,0
2020-01-23,美国,1,0,0
2020-01-23,日本,1,1,0
2020-01-23,泰国,3,2,0
2020-01-23,新加坡,1,0,0
2020-01-23,越南,2,0,0
2020-01-23,中国,830,34,25
2020-01-24,法国,2,0,0
2020-01-24,韩国,2,0,0
2020-01-24,美国,2,0,0
2020-01-24,尼泊尔,1,0,0
2020-01-24,日本,2,1,0
2020-01-24,泰国,4,2,0
2020-01-24,新加坡,3,0,0
2020-01-24,越南,2,0,0
2020-01-24,中国,1287,38,41
2020-01-25,澳大利亚,1,0,0
2020-01-25,法国,3,0,0
2020-01-25,韩国,2,0,0
2020-01-25,马来西亚,3,0,0
2020-01-25,美国,2,0,0
2020-01-25,尼泊尔,1,0,0
2020-01-25,日本,3,1,0
2020-01-25,泰国,4,2,0
2020-01-25,新加坡,3,0,0
2020-01-25,越南,2,0,0
2020-01-25,中国,1975,49,56
2020-01-26,澳大利亚,4,0,0
2020-01-26,法国,3,0,0
2020-01-26,韩国,3,0,0
2020-01-26,马来西亚,3,0,0
2020-01-26,美国,3,0,0
2020-01-26,尼泊尔,1,0,0
2020-01-26,泰国,7,0,0
2020-01-26,新加坡,4,0,0
2020-01-26,越南,2,0,0
2020-01-26,中国,2744,51,80
2020-01-27,澳大利亚,5,0,0
2020-01-27,巴基斯坦,0,0,0
2020-01-27,法国,3,0,0
2020-01-27,韩国,4,0,0
2020-01-27,加拿大,1,0,0
2020-01-27,马来西亚,4,0,0
2020-01-27,美国,5,0,0
2020-01-27,尼泊尔,1,0,0
2020-01-27,泰国,8,2,0
2020-01-27,新加坡,4,0,0
2020-01-27,越南,2,0,0
2020-01-27,中国,4515,60,106
2020-01-28,澳大利亚,5,0,0
2020-01-28,德国,1,0,0
2020-01-28,法国,3,0,0
2020-01-28,韩国,4,0,0
2020-01-28,加拿大,2,0,0
2020-01-28,马来西亚,4,0,0
2020-01-28,美国,5,0,0
2020-01-28,尼泊尔,1,0,0
2020-01-28,日本,6,1,0
2020-01-28,斯里兰卡,1,0,0
2020-01-28,泰国,14,2,0
2020-01-28,新加坡,7,0,0
2020-01-28,越南,2,0,0
2020-01-28,中国,5974,103,132
2020-01-29,阿联酋,4,0,0
2020-01-29,澳大利亚,7,0,0
2020-01-29,德国,4,0,0
2020-01-29,法国,4,0,0
2020-01-29,韩国,4,0,0
2020-01-29,加拿大,2,0,0
2020-01-29,马来西亚,7,0,0
2020-01-29,美国,5,0,0
2020-01-29,尼泊尔,1,0,0
2020-01-29,斯里兰卡,1,0,0
2020-01-29,泰国,14,2,0
2020-01-29,新加坡,10,0,0
2020-01-29,越南,2,0,0
2020-01-29,中国,7711,124,170
2020-01-30,阿联酋,4,0,0
2020-01-30,澳大利亚,8,2,0
2020-01-30,德国,4,0,0
2020-01-30,法国,5,0,0
2020-01-30,菲律宾,1,0,0
2020-01-30,芬兰,1,0,0
2020-01-30,韩国,6,0,0
2020-01-30,加拿大,3,0,0
2020-01-30,马来西亚,8,0,0
2020-01-30,美国,5,0,0
2020-01-30,尼泊尔,1,0,0
2020-01-30,斯里兰卡,1,0,0
2020-01-30,泰国,14,2,0
2020-01-30,新加坡,10,0,0
2020-01-30,印度,1,0,0
2020-01-30,越南,2,0,0
2020-01-30,中国,9692,171,213
2020-01-31,阿联酋,4,0,0
2020-01-31,澳大利亚,8,2,0
2020-01-31,德国,4,0,0
2020-01-31,法国,5,0,0
2020-01-31,菲律宾,1,0,0
2020-01-31,芬兰,1,0,0
2020-01-31,韩国,6,0,0
2020-01-31,加拿大,3,0,0
2020-01-31,马来西亚,8,0,0
2020-01-31,美国,5,0,0
2020-01-31,尼泊尔,1,0,0
2020-01-31,日本,17,1,0
2020-01-31,斯里兰卡,1,0,0
2020-01-31,泰国,14,2,0
2020-01-31,新加坡,10,0,0
2020-01-31,印度,1,0,0
2020-01-31,越南,2,0,0
2020-01-31,中国,11791,243,259
2020-02-01,阿联酋,4,0,0
2020-02-01,澳大利亚,8,2,0
2020-02-01,德国,4,0,0
2020-02-01,法国,5,0,0
2020-02-01,菲律宾,1,0,0
2020-02-01,芬兰,1,0,0
2020-02-01,韩国,6,0,0
2020-02-01,加拿大,3,0,0
2020-02-01,马来西亚,8,0,0
2020-02-01,美国,5,0,0
2020-02-01,尼泊尔,1,0,0
2020-02-01,日本,20,1,0
2020-02-01,斯里兰卡,1,0,0
2020-02-01,泰国,14,2,0
2020-02-01,新加坡,10,0,0
2020-02-01,印度,1,0,0
2020-02-01,越南,2,0,0
2020-02-01,中国,14380,328,304
2020-02-02,阿联酋,4,0,0
2020-02-02,澳大利亚,8,2,0
2020-02-02,德国,4,0,0
2020-02-02,法国,5,0,0
2020-02-02,菲律宾,1,0,0
2020-02-02,芬兰,1,0,0
2020-02-02,韩国,6,0,0
2020-02-02,加拿大,3,0,0
2020-02-02,马来西亚,8,0,0
2020-02-02,美国,5,0,0
2020-02-02,尼泊尔,1,0,0
2020-02-02,斯里兰卡,1,0,0
2020-02-02,泰国,14,2,0
2020-02-02,新加坡,10,0,0
2020-02-02,印度,1,0,0
2020-02-02,越南,2,0,0
2020-02-02,中国,17205,475,361
2020-02-03,阿联酋,4,0,0
2020-02-03,澳大利亚,8,2,0
2020-02-03,德国,4,0,0
2020-02-03,法国,5,0,0
2020-02-03,菲律宾,1,0,0
2020-02-03,芬兰,1,0,0
2020-02-03,韩国,6,0,0
2020-02-03,加拿大,3,0,0
2020-02-03,马来西亚,8,0,0
2020-02-03,美国,5,0,0
2020-02-03,尼泊尔,1,0,0
2020-02-03,斯里兰卡,1,0,0
2020-02-03,泰国,14,2,0
2020-02-03,新加坡,10,0,0
2020-02-03,印度,1,0,0
2020-02-03,越南,2,0,0
2020-02-03,中国,20438,632,425
2020-02-04,日本,23,1,0
2020-02-04,中国,24324,892,490
2020-02-05,日本,23,1,0
2020-02-05,中国,28018,1153,563
2020-02-06,阿联酋,5,0,0
2020-02-06,澳大利亚,14,3,0
2020-02-06,比利时,1,0,0
2020-02-06,德国,12,0,0
2020-02-06,俄罗斯,2,0,0
2020-02-06,法国,6,0,0
2020-02-06,菲律宾,3,0,1
2020-02-06,芬兰,1,0,0
2020-02-06,韩国,24,1,0
2020-02-06,加拿大,5,1,0
2020-02-06,柬埔寨,1,0,0
2020-02-06,马来西亚,14,1,0
2020-02-06,美国,12,1,0
2020-02-06,尼泊尔,1,0,0
2020-02-06,日本,25,1,0
2020-02-06,瑞典,1,0,0
2020-02-06,斯里兰卡,1,1,0
2020-02-06,泰国,25,8,0
2020-02-06,西班牙,1,0,0
2020-02-06,新加坡,28,1,0
2020-02-06,意大利,2,0,0
2020-02-06,印度,3,0,0
2020-02-06,英国,2,0,0
2020-02-06,越南,10,3,0
2020-02-06,中国,31161,1540,636
2020-02-07,阿联酋,5,0,0
2020-02-07,澳大利亚,15,3,0
2020-02-07,比利时,1,0,0
2020-02-07,德国,13,0,0
2020-02-07,俄罗斯,2,0,0
2020-02-07,法国,6,0,0
2020-02-07,菲律宾,3,0,1
2020-02-07,芬兰,1,0,0
2020-02-07,韩国,24,1,0
2020-02-07,加拿大,5,1,0
2020-02-07,柬埔寨,1,0,0
2020-02-07,马来西亚,14,1,0
2020-02-07,美国,12,1,0
2020-02-07,尼泊尔,1,0,0
2020-02-07,日本,25,1,0
2020-02-07,瑞典,1,0,0
2020-02-07,斯里兰卡,1,1,0
2020-02-07,泰国,25,8,0
2020-02-07,西班牙,1,0,0
2020-02-07,新加坡,33,2,0
2020-02-07,意大利,3,0,0
2020-02-07,印度,3,0,0
2020-02-07,英国,3,0,0
2020-02-07,越南,12,3,0
2020-02-07,中国,34594,2052,723
2020-02-08,阿联酋,7,0,0
2020-02-08,澳大利亚,15,3,0
2020-02-08,比利时,1,0,0
2020-02-08,德国,13,0,0
2020-02-08,俄罗斯,2,0,0
2020-02-08,法国,11,0,0
2020-02-08,菲律宾,3,0,1
2020-02-08,芬兰,1,1,0
2020-02-08,韩国,24,2,0
2020-02-08,加拿大,5,1,0
2020-02-08,柬埔寨,1,0,0
2020-02-08,马来西亚,16,2,0
2020-02-08,美国,12,3,0
2020-02-08,尼泊尔,1,0,0
2020-02-08,日本,25,1,0
2020-02-08,瑞典,1,0,0
2020-02-08,斯里兰卡,1,1,0
2020-02-08,泰国,32,8,0
2020-02-08,西班牙,1,0,0
2020-02-08,新加坡,33,2,0
2020-02-08,意大利,3,0,0
2020-02-08,印度,3,0,0
2020-02-08,英国,3,0,0
2020-02-08,越南,13,3,0
2020-02-08,中国,37162,2651,812
2020-02-09,阿联酋,7,0,0
2020-02-09,澳大利亚,15,3,0
2020-02-09,比利时,1,0,0
2020-02-09,德国,14,0,0
2020-02-09,俄罗斯,2,0,0
2020-02-09,法国,11,0,0
2020-02-09,菲律宾,3,0,1
2020-02-09,芬兰,1,1,0
2020-02-09,韩国,27,3,0
2020-02-09,加拿大,7,1,0
2020-02-09,柬埔寨,1,0,0
2020-02-09,马来西亚,17,2,0
2020-02-09,美国,12,3,0
2020-02-09,尼泊尔,1,0,0
2020-02-09,日本,26,1,0
2020-02-09,瑞典,1,0,0
2020-02-09,斯里兰卡,1,1,0
2020-02-09,泰国,32,8,0
2020-02-09,西班牙,2,0,0
2020-02-09,新加坡,43,2,0
2020-02-09,意大利,3,0,0
2020-02-09,印度,3,0,0
2020-02-09,英国,4,0,0
2020-02-09,越南,14,3,0
2020-02-09,中国,40224,3283,909
2020-02-10,阿联酋,7,0,0
2020-02-10,澳大利亚,15,3,0
2020-02-10,比利时,1,0,0
2020-02-10,德国,14,0,0
2020-02-10,俄罗斯,2,0,0
2020-02-10,法国,11,0,0
2020-02-10,菲律宾,3,1,1
2020-02-10,芬兰,1,1,0
2020-02-10,韩国,27,3,0
2020-02-10,加拿大,7,1,0
2020-02-10,柬埔寨,1,0,0
2020-02-10,马来西亚,18,2,0
2020-02-10,美国,12,3,0
2020-02-10,尼泊尔,1,0,0
2020-02-10,日本,26,2,0
2020-02-10,瑞典,1,0,0
2020-02-10,斯里兰卡,1,1,0
2020-02-10,泰国,32,8,0
2020-02-10,西班牙,2,0,0
2020-02-10,新加坡,45,7,0
2020-02-10,意大利,3,0,0
2020-02-10,印度,3,0,0
2020-02-10,英国,8,0,0
2020-02-10,越南,14,3,0
2020-02-10,中国,42708,3998,1017
2020-02-11,阿联酋,8,0,0
2020-02-11,澳大利亚,15,3,0
2020-02-11,比利时,1,0,0
2020-02-11,德国,14,0,0
2020-02-11,俄罗斯,2,0,0
2020-02-11,法国,11,0,0
2020-02-11,菲律宾,3,1,1
2020-02-11,芬兰,1,1,0
2020-02-11,韩国,28,3,0
2020-02-11,加拿大,7,1,0
2020-02-11,柬埔寨,1,0,0
2020-02-11,马来西亚,18,3,0
2020-02-11,美国,13,3,0
2020-02-11,尼泊尔,1,0,0
2020-02-11,日本,26,2,0
2020-02-11,瑞典,1,0,0
2020-02-11,斯里兰卡,1,1,0
2020-02-11,泰国,32,10,0
2020-02-11,西班牙,2,0,0
2020-02-11,新加坡,47,9,0
2020-02-11,意大利,3,0,0
2020-02-11,印度,3,0,0
2020-02-11,英国,8,0,0
2020-02-11,越南,15,3,0
2020-02-11,中国,44730,4742,1114
2020-02-12,阿联酋,8,0,0
2020-02-12,澳大利亚,15,5,0
2020-02-12,比利时,1,0,0
2020-02-12,德国,16,0,0
2020-02-12,俄罗斯,2,2,0
2020-02-12,法国,11,0,0
2020-02-12,菲律宾,3,1,1
2020-02-12,芬兰,1,1,0
2020-02-12,韩国,28,3,0
2020-02-12,加拿大,7,1,0
2020-02-12,柬埔寨,1,0,0
2020-02-12,马来西亚,18,3,0
2020-02-12,美国,13,3,0
2020-02-12,尼泊尔,1,1,0
2020-02-12,日本,28,10,0
2020-02-12,瑞典,1,0,0
2020-02-12,斯里兰卡,1,1,0
2020-02-12,泰国,33,10,0
2020-02-12,西班牙,2,0,0
2020-02-12,新加坡,50,15,0
2020-02-12,意大利,3,0,0
2020-02-12,印度,3,0,0
2020-02-12,英国,8,1,0
2020-02-12,越南,15,3,0
2020-02-12,中国,58839,5646,1260
2020-02-13,阿联酋,8,0,0
2020-02-13,澳大利亚,15,5,0
2020-02-13,比利时,1,0,0
2020-02-13,德国,16,1,0
2020-02-13,俄罗斯,2,2,0
2020-02-13,法国,11,0,0
2020-02-13,菲律宾,3,1,1
2020-02-13,芬兰,1,1,0
2020-02-13,韩国,28,7,0
2020-02-13,加拿大,7,1,0
2020-02-13,柬埔寨,1,0,0
2020-02-13,马来西亚,19,3,0
2020-02-13,美国,14,3,0
2020-02-13,尼泊尔,1,1,0
2020-02-13,日本,29,11,1
2020-02-13,瑞典,1,0,0
2020-02-13,斯里兰卡,1,1,0
2020-02-13,泰国,33,10,0
2020-02-13,西班牙,2,0,0
2020-02-13,新加坡,58,15,0
2020-02-13,意大利,3,0,0
2020-02-13,印度,3,0,0
2020-02-13,英国,9,1,0
2020-02-13,越南,15,5,0
2020-02-13,中国,63932,6728,1381
2020-02-14,阿联酋,8,3,0
2020-02-14,澳大利亚,15,5,0
2020-02-14,比利时,1,0,0
2020-02-14,德国,16,1,0
2020-02-14,俄罗斯,2,2,0
2020-02-14,法国,11,0,0
2020-02-14,菲律宾,3,1,1
2020-02-14,芬兰,1,1,0
2020-02-14,韩国,28,7,0
2020-02-14,加拿大,7,1,0
2020-02-14,柬埔寨,1,0,0
2020-02-14,马来西亚,19,3,0
2020-02-14,美国,15,3,0
2020-02-14,尼泊尔,1,1,0
2020-02-14,日本,33,12,1
2020-02-14,瑞典,1,0,0
2020-02-14,斯里兰卡,1,1,0
2020-02-14,泰国,33,10,0
2020-02-14,西班牙,2,0,0
2020-02-14,新加坡,67,17,0
2020-02-14,意大利,3,0,0
2020-02-14,印度,3,0,0
2020-02-14,英国,9,1,0
2020-02-14,越南,16,5,0
2020-02-14,中国,66575,8101,1524
2020-02-15,阿联酋,8,3,0
2020-02-15,埃及,1,0,0
2020-02-15,澳大利亚,15,5,0
2020-02-15,比利时,1,0,0
2020-02-15,德国,16,1,0
2020-02-15,俄罗斯,2,2,0
2020-02-15,法国,11,0,1
2020-02-15,菲律宾,3,1,1
2020-02-15,芬兰,1,1,0
2020-02-15,韩国,28,9,0
2020-02-15,加拿大,8,1,0
2020-02-15,柬埔寨,1,1,0
2020-02-15,马来西亚,21,3,0
2020-02-15,美国,15,3,0
2020-02-15,尼泊尔,1,1,0
2020-02-15,日本,41,12,1
2020-02-15,瑞典,1,0,0
2020-02-15,斯里兰卡,1,1,0
2020-02-15,泰国,33,14,0
2020-02-15,西班牙,2,0,0
2020-02-15,新加坡,67,17,0
2020-02-15,意大利,3,0,0
2020-02-15,印度,3,0,0
2020-02-15,英国,9,1,0
2020-02-15,越南,16,7,0
2020-02-15,中国,68584,9425,1666
2020-02-16,阿联酋,8,4,0
2020-02-16,埃及,1,0,0
2020-02-16,澳大利亚,15,5,0
2020-02-16,比利时,1,1,0
2020-02-16,德国,16,1,0
2020-02-16,俄罗斯,2,2,0
2020-02-16,法国,12,4,1
2020-02-16,菲律宾,3,1,1
2020-02-16,芬兰,1,1,0
2020-02-16,韩国,29,9,0
2020-02-16,加拿大,8,1,0
2020-02-16,柬埔寨,1,1,0
2020-02-16,马来西亚,22,7,0
2020-02-16,美国,15,3,0
2020-02-16,尼泊尔,1,1,0
2020-02-16,日本,53,12,1
2020-02-16,瑞典,1,0,0
2020-02-16,斯里兰卡,1,1,0
2020-02-16,泰国,34,15,0
2020-02-16,西班牙,2,0,0
2020-02-16,新加坡,72,18,0
2020-02-16,意大利,3,0,0
2020-02-16,印度,3,2,0
2020-02-16,英国,9,8,0
2020-02-16,越南,16,7,0
2020-02-16,中国,70637,10860,1772
2020-02-17,阿联酋,9,4,0
2020-02-17,埃及,1,0,0
2020-02-17,澳大利亚,15,5,0
2020-02-17,比利时,1,1,0
2020-02-17,德国,16,1,0
2020-02-17,俄罗斯,2,2,0
2020-02-17,法国,12,4,1
2020-02-17,菲律宾,3,1,1
2020-02-17,芬兰,1,1,0
2020-02-17,韩国,30,10,0
2020-02-17,加拿大,8,1,0
2020-02-17,柬埔寨,1,1,0
2020-02-17,马来西亚,22,9,0
2020-02-17,美国,15,3,0
2020-02-17,尼泊尔,1,1,0
2020-02-17,日本,59,14,1
2020-02-17,瑞典,1,0,0
2020-02-17,斯里兰卡,1,1,0
2020-02-17,泰国,35,15,0
2020-02-17,西班牙,2,0,0
2020-02-17,新加坡,77,19,0
2020-02-17,意大利,3,0,0
2020-02-17,印度,3,2,0
2020-02-17,英国,9,8,0
2020-02-17,越南,16,7,0
2020-02-17,中国,72528,12561,1870
2020-02-18,阿联酋,9,4,0
2020-02-18,埃及,1,0,0
2020-02-18,澳大利亚,15,5,0
2020-02-18,比利时,1,1,0
2020-02-18,德国,16,7,0
2020-02-18,俄罗斯,2,2,0
2020-02-18,法国,12,4,1
2020-02-18,菲律宾,3,1,1
2020-02-18,芬兰,1,1,0
2020-02-18,韩国,31,10,0
2020-02-18,加拿大,8,1,0
2020-02-18,柬埔寨,1,1,0
2020-02-18,马来西亚,22,9,0
2020-02-18,美国,15,3,0
2020-02-18,尼泊尔,1,1,0
2020-02-18,日本,65,14,1
2020-02-18,瑞典,1,0,0
2020-02-18,斯里兰卡,1,1,0
2020-02-18,泰国,35,15,0
2020-02-18,西班牙,2,0,0
2020-02-18,新加坡,81,29,0
2020-02-18,意大利,3,0,0
2020-02-18,印度,3,2,0
2020-02-18,英国,9,8,0
2020-02-18,越南,16,9,0
2020-02-18,中国,74276,14387,2006
2020-02-19,阿联酋,9,4,0
2020-02-19,埃及,1,0,0
2020-02-19,澳大利亚,15,5,0
2020-02-19,比利时,1,1,0
2020-02-19,德国,16,7,0
2020-02-19,俄罗斯,2,2,0
2020-02-19,法国,12,4,1
2020-02-19,菲律宾,3,1,1
2020-02-19,芬兰,1,1,0
2020-02-19,韩国,51,10,0
2020-02-19,加拿大,8,1,0
2020-02-19,柬埔寨,1,1,0
2020-02-19,马来西亚,22,9,0
2020-02-19,美国,15,3,0
2020-02-19,尼泊尔,1,1,0
2020-02-19,日本,73,14,1
2020-02-19,瑞典,1,0,0
2020-02-19,斯里兰卡,1,1,0
2020-02-19,泰国,35,15,0
2020-02-19,西班牙,2,0,0
2020-02-19,新加坡,84,34,0
2020-02-19,意大利,3,0,0
2020-02-19,印度,3,2,0
2020-02-19,英国,9,8,0
2020-02-19,越南,16,9,0
2020-02-19,中国,75101,16168,2121
2020-02-20,阿联酋,9,4,0
2020-02-20,埃及,1,0,0
2020-02-20,澳大利亚,15,5,0
2020-02-20,比利时,1,1,0
2020-02-20,德国,16,7,0
2020-02-20,俄罗斯,2,2,0
2020-02-20,法国,12,4,1
2020-02-20,菲律宾,3,1,1
2020-02-20,芬兰,1,1,0
2020-02-20,韩国,104,12,1
2020-02-20,加拿大,8,1,0
2020-02-20,柬埔寨,1,1,0
2020-02-20,马来西亚,22,15,0
2020-02-20,美国,15,3,0
2020-02-20,尼泊尔,1,1,0
2020-02-20,日本,85,16,1
2020-02-20,瑞典,1,0,0
2020-02-20,斯里兰卡,1,1,0
2020-02-20,泰国,35,17,0
2020-02-20,西班牙,2,0,0
2020-02-20,新加坡,85,37,0
2020-02-20,伊朗,5,0,2
2020-02-20,意大利,3,0,0
2020-02-20,印度,3,3,0
2020-02-20,英国,9,8,0
2020-02-20,越南,16,9,0
2020-02-20,中国,75993,18277,2239
2020-02-21,阿联酋,9,4,0
2020-02-21,澳大利亚,15,5,0
2020-02-21,比利时,1,1,0
2020-02-21,德国,16,7,0
2020-02-21,俄罗斯,2,2,0
2020-02-21,法国,12,4,1
2020-02-21,菲律宾,3,1,1
2020-02-21,芬兰,1,1,0
2020-02-21,韩国,204,12,2
2020-02-21,加拿大,8,1,0
2020-02-21,柬埔寨,1,1,0
2020-02-21,马来西亚,22,15,0
2020-02-21,美国,15,3,0
2020-02-21,尼泊尔,1,1,0
2020-02-21,日本,93,16,1
2020-02-21,瑞典,1,0,0
2020-02-21,斯里兰卡,1,1,0
2020-02-21,泰国,35,17,0
2020-02-21,西班牙,2,0,0
2020-02-21,新加坡,85,37,0
2020-02-21,伊朗,18,0,2
2020-02-21,意大利,3,0,0
2020-02-21,印度,3,3,0
2020-02-21,英国,9,8,0
2020-02-21,越南,16,9,0
2020-02-21,中国,76392,20672,2348
2020-02-22,阿联酋,13,4,0
2020-02-22,澳大利亚,15,5,0
2020-02-22,比利时,1,1,0
2020-02-22,德国,16,7,0
2020-02-22,俄罗斯,2,2,0
2020-02-22,法国,12,4,1
2020-02-22,菲律宾,3,1,1
2020-02-22,芬兰,1,1,0
2020-02-22,韩国,433,18,3
2020-02-22,加拿大,9,1,0
2020-02-22,柬埔寨,1,1,0
2020-02-22,黎巴嫩,1,0,0
2020-02-22,马来西亚,22,15,0
2020-02-22,美国,34,3,0
2020-02-22,尼泊尔,1,1,0
2020-02-22,日本,105,16,1
2020-02-22,瑞典,1,0,0
2020-02-22,斯里兰卡,1,1,0
2020-02-22,泰国,35,17,0
2020-02-22,西班牙,2,0,0
2020-02-22,新加坡,89,49,0
2020-02-22,伊朗,28,0,4
2020-02-22,意大利,33,0,2
2020-02-22,印度,3,3,0
2020-02-22,英国,9,8,0
2020-02-22,越南,16,9,0
2020-02-22,中国,76846,22907,2445
2020-02-23,阿联酋,13,4,0
2020-02-23,澳大利亚,17,5,0
2020-02-23,比利时,1,1,0
2020-02-23,德国,16,7,0
2020-02-23,俄罗斯,2,2,0
2020-02-23,法国,12,4,1
2020-02-23,菲律宾,3,1,1
2020-02-23,芬兰,1,1,0
2020-02-23,韩国,602,18,6
2020-02-23,加拿大,9,1,0
2020-02-23,柬埔寨,1,1,0
2020-02-23,黎巴嫩,1,0,0
2020-02-23,马来西亚,22,18,0
2020-02-23,美国,34,3,0
2020-02-23,尼泊尔,1,1,0
2020-02-23,日本,132,17,1
2020-02-23,瑞典,1,0,0
2020-02-23,斯里兰卡,1,1,0
2020-02-23,泰国,35,17,0
2020-02-23,西班牙,2,0,0
2020-02-23,新加坡,89,49,0
2020-02-23,伊拉克,1,0,0
2020-02-23,伊朗,28,0,4
2020-02-23,以色列,1,0,0
2020-02-23,意大利,132,0,2
2020-02-23,印度,3,3,0
2020-02-23,英国,9,8,0
2020-02-23,越南,16,9,0
2020-02-23,中国,77262,24757,2595
2020-02-24,阿富汗,1,0,0
2020-02-24,阿联酋,13,4,0
2020-02-24,澳大利亚,17,5,0
2020-02-24,巴林,1,0,0
2020-02-24,比利时,1,1,0
2020-02-24,德国,16,14,0
2020-02-24,俄罗斯,2,2,0
2020-02-24,法国,12,4,1
2020-02-24,菲律宾,3,1,1
2020-02-24,芬兰,1,1,0
2020-02-24,韩国,833,22,8
2020-02-24,加拿大,9,1,0
2020-02-24,柬埔寨,1,1,0
2020-02-24,科威特,3,0,0
2020-02-24,黎巴嫩,1,0,0
2020-02-24,马来西亚,22,18,0
2020-02-24,美国,34,3,0
2020-02-24,尼泊尔,1,1,0
2020-02-24,日本,144,17,1
2020-02-24,瑞典,1,0,0
2020-02-24,斯里兰卡,1,1,0
2020-02-24,泰国,35,17,0
2020-02-24,西班牙,2,0,0
2020-02-24,新加坡,90,53,0
2020-02-24,伊拉克,1,0,0
2020-02-24,伊朗,61,0,12
2020-02-24,以色列,6,0,0
2020-02-24,意大利,230,1,7
2020-02-24,印度,3,3,0
2020-02-24,英国,13,8,0
2020-02-24,越南,16,9,0
2020-02-24,中国,77779,27353,2666
2020-02-25,阿富汗,1,0,0
2020-02-25,阿联酋,13,4,0
2020-02-25,阿曼,4,0,0
2020-02-25,奥地利,2,0,0
2020-02-25,澳大利亚,23,5,0
2020-02-25,巴林,17,0,0
2020-02-25,比利时,1,1,0
2020-02-25,德国,16,14,0
2020-02-25,俄罗斯,2,2,0
2020-02-25,法国,12,11,1
2020-02-25,菲律宾,3,1,1
2020-02-25,芬兰,1,1,0
2020-02-25,韩国,977,22,11
2020-02-25,加拿大,11,4,0
2020-02-25,柬埔寨,1,1,0
2020-02-25,科威特,8,0,0
2020-02-25,克罗地亚,1,0,0
2020-02-25,黎巴嫩,1,0,0
2020-02-25,马来西亚,22,18,0
2020-02-25,美国,53,3,0
2020-02-25,尼泊尔,1,1,0
2020-02-25,日本,157,18,1
2020-02-25,瑞典,1,0,0
2020-02-25,瑞士,1,0,0
2020-02-25,斯里兰卡,1,1,0
2020-02-25,泰国,37,22,0
2020-02-25,西班牙,3,2,0
2020-02-25,新加坡,90,53,0
2020-02-25,伊拉克,5,0,0
2020-02-25,伊朗,95,21,16
2020-02-25,以色列,6,0,0
2020-02-25,意大利,283,1,7
2020-02-25,印度,3,3,0
2020-02-25,英国,13,8,0
2020-02-25,越南,16,16,0
2020-02-25,中国,78190,29775,2718
2020-02-26,阿尔及利亚,1,0,0
2020-02-26,阿富汗,1,0,0
2020-02-26,阿联酋,13,4,0
2020-02-26,阿曼,4,0,0
2020-02-26,奥地利,2,0,0
2020-02-26,澳大利亚,23,5,0
2020-02-26,巴林,26,0,0
2020-02-26,巴西,1,0,0
2020-02-26,比利时,1,1,0
2020-02-26,德国,19,14,0
2020-02-26,俄罗斯,2,2,0
2020-02-26,法国,17,11,2
2020-02-26,菲律宾,3,1,1
2020-02-26,芬兰,1,1,0
2020-02-26,韩国,1261,22,12
2020-02-26,加拿大,11,4,0
2020-02-26,柬埔寨,1,1,0
2020-02-26,科威特,25,0,0
2020-02-26,克罗地亚,1,0,0
2020-02-26,黎巴嫩,1,0,0
2020-02-26,马来西亚,22,18,0
2020-02-26,美国,57,3,0
2020-02-26,尼泊尔,1,1,0
2020-02-26,日本,164,23,1
2020-02-26,瑞典,1,0,0
2020-02-26,瑞士,1,0,0
2020-02-26,斯里兰卡,1,1,0
2020-02-26,泰国,40,22,0
2020-02-26,西班牙,7,2,0
2020-02-26,希腊,1,0,0
2020-02-26,新加坡,93,53,0
2020-02-26,伊拉克,5,0,0
2020-02-26,伊朗,139,21,19
2020-02-26,以色列,6,0,0
2020-02-26,意大利,374,1,12
2020-02-26,印度,3,3,0
2020-02-26,英国,13,8,0
2020-02-26,越南,16,16,0
2020-02-26,中国,78630,32531,2747
2020-02-27,阿尔及利亚,1,0,0
2020-02-27,阿富汗,1,0,0
2020-02-27,阿联酋,13,4,0
2020-02-27,阿曼,5,0,0
2020-02-27,爱沙尼亚,1,0,0
2020-02-27,奥地利,3,0,0
2020-02-27,澳大利亚,23,15,0
2020-02-27,巴基斯坦,2,0,0
2020-02-27,巴林,33,0,0
2020-02-27,巴西,1,0,0
2020-02-27,北马其顿,1,0,0
2020-02-27,比利时,1,1,0
2020-02-27,丹麦,1,0,0
2020-02-27,德国,27,14,0
2020-02-27,俄罗斯,5,2,0
2020-02-27,法国,18,11,2
2020-02-27,菲律宾,3,1,1
2020-02-27,芬兰,2,1,0
2020-02-27,格鲁吉亚,1,0,0
2020-02-27,韩国,1766,24,13
2020-02-27,加拿大,12,4,0
2020-02-27,柬埔寨,1,1,0
2020-02-27,科威特,43,0,0
2020-02-27,克罗地亚,3,0,0
2020-02-27,黎巴嫩,2,0,0
2020-02-27,罗马尼亚,1,0,0
2020-02-27,马来西亚,23,18,0
2020-02-27,美国,60,3,0
2020-02-27,尼泊尔,1,1,0
2020-02-27,挪威,1,0,0
2020-02-27,日本,186,27,3
2020-02-27,瑞典,2,0,0
2020-02-27,瑞士,4,0,0
2020-02-27,斯里兰卡,1,1,0
2020-02-27,泰国,40,22,0
2020-02-27,西班牙,13,2,0
2020-02-27,希腊,3,0,0
2020-02-27,新加坡,93,62,0
2020-02-27,伊拉克,6,0,0
2020-02-27,伊朗,245,54,26
2020-02-27,以色列,6,0,0
2020-02-27,意大利,528,40,14
2020-02-27,印度,3,3,0
2020-02-27,英国,15,8,0
2020-02-27,越南,16,16,0
2020-02-27,中国,78959,36157,2791
2020-02-28,阿尔及利亚,1,0,0
2020-02-28,阿富汗,1,0,0
2020-02-28,阿联酋,19,4,0
2020-02-28,阿曼,5,0,0
2020-02-28,阿塞拜疆,1,0,0
2020-02-28,埃及,1,1,0
2020-02-28,爱沙尼亚,1,0,0
2020-02-28,奥地利,5,0,0
2020-02-28,澳大利亚,23,15,0
2020-02-28,巴基斯坦,2,0,0
2020-02-28,巴林,36,0,0
2020-02-28,巴西,1,0,0
2020-02-28,白俄罗斯,1,0,0
2020-02-28,北马其顿,1,0,0
2020-02-28,比利时,1,1,0
2020-02-28,丹麦,1,0,0
2020-02-28,德国,53,14,0
2020-02-28,俄罗斯,5,2,0
2020-02-28,法国,41,12,2
2020-02-28,菲律宾,3,1,1
2020-02-28,芬兰,2,1,0
2020-02-28,格鲁吉亚,2,0,0
2020-02-28,韩国,2337,26,16
2020-02-28,荷兰,2,0,0
2020-02-28,加拿大,14,4,0
2020-02-28,柬埔寨,1,1,0
2020-02-28,科威特,45,0,0
2020-02-28,克罗地亚,3,0,0
2020-02-28,黎巴嫩,2,0,0
2020-02-28,立陶宛,1,0,0
2020-02-28,罗马尼亚,1,0,0
2020-02-28,马来西亚,25,18,0
2020-02-28,美国,60,3,0
2020-02-28,墨西哥,1,0,0
2020-02-28,尼泊尔,1,1,0
2020-02-28,尼日利亚,1,0,0
2020-02-28,挪威,4,0,0
2020-02-28,日本,210,30,4
2020-02-28,瑞典,2,0,0
2020-02-28,瑞士,9,0,0
2020-02-28,斯里兰卡,1,1,0
2020-02-28,泰国,40,22,0
2020-02-28,西班牙,25,2,0
2020-02-28,希腊,3,0,0
2020-02-28,新加坡,93,62,0
2020-02-28,新西兰,1,0,0
2020-02-28,伊拉克,6,0,0
2020-02-28,伊朗,388,54,34
2020-02-28,以色列,8,0,0
2020-02-28,意大利,653,45,17
2020-02-28,印度,3,3,0
2020-02-28,英国,19,8,0
2020-02-28,越南,16,16,0
2020-02-28,中国,79389,39049,2838
2020-02-29,阿尔及利亚,1,0,0
2020-02-29,阿富汗,1,0,0
2020-02-29,阿联酋,21,5,0
2020-02-29,阿曼,6,0,0
2020-02-29,阿塞拜疆,3,0,0
2020-02-29,埃及,1,1,0
2020-02-29,爱沙尼亚,1,0,0
2020-02-29,奥地利,5,0,0
2020-02-29,澳大利亚,25,15,0
2020-02-29,巴基斯坦,2,0,0
2020-02-29,巴林,41,0,0
2020-02-29,巴西,1,0,0
2020-02-29,白俄罗斯,1,0,0
2020-02-29,北马其顿,1,0,0
2020-02-29,比利时,1,1,0
2020-02-29,冰岛,1,0,0
2020-02-29,丹麦,3,0,0
2020-02-29,德国,66,16,0
2020-02-29,俄罗斯,5,2,0
2020-02-29,法国,73,12,2
2020-02-29,菲律宾,3,1,1
2020-02-29,芬兰,3,1,0
2020-02-29,格鲁吉亚,3,0,0
2020-02-29,韩国,3150,27,17
2020-02-29,荷兰,4,0,0
2020-02-29,加拿大,16,4,0
2020-02-29,柬埔寨,1,1,0
2020-02-29,卡塔尔,1,0,0
2020-02-29,科威特,45,0,0
2020-02-29,克罗地亚,5,0,0
2020-02-29,黎巴嫩,3,0,0
2020-02-29,立陶宛,1,0,0
2020-02-29,罗马尼亚,3,0,0
2020-02-29,马来西亚,25,22,0
2020-02-29,美国,64,3,0
2020-02-29,摩纳哥,1,0,0
2020-02-29,墨西哥,3,0,0
2020-02-29,尼泊尔,1,1,0
2020-02-29,尼日利亚,1,0,0
2020-02-29,挪威,7,0,0
2020-02-29,日本,230,33,5
2020-02-29,瑞典,12,0,0
2020-02-29,瑞士,15,0,0
2020-02-29,圣马力诺,1,0,0
2020-02-29,斯里兰卡,1,1,0
2020-02-29,泰国,42,28,0
2020-02-29,西班牙,41,2,0
2020-02-29,希腊,4,0,0
2020-02-29,新加坡,102,69,0
2020-02-29,新西兰,1,0,0
2020-02-29,伊拉克,8,0,0
2020-02-29,伊朗,593,123,43
2020-02-29,以色列,9,0,0
2020-02-29,意大利,889,46,21
2020-02-29,印度,3,3,0
2020-02-29,英国,23,8,0
2020-02-29,越南,16,16,0
2020-02-29,中国,79968,41675,2873
2020-03-01,阿尔及利亚,1,0,0
2020-03-01,阿富汗,1,0,0
2020-03-01,阿联酋,21,5,0
2020-03-01,阿曼,6,0,0
2020-03-01,阿塞拜疆,3,0,0
2020-03-01,埃及,1,1,0
2020-03-01,爱尔兰,1,0,0
2020-03-01,爱沙尼亚,1,0,0
2020-03-01,奥地利,10,0,0
2020-03-01,澳大利亚,25,15,1
2020-03-01,巴基斯坦,3,0,0
2020-03-01,巴林,41,0,0
2020-03-01,巴西,2,0,0
2020-03-01,白俄罗斯,1,0,0
2020-03-01,北马其顿,1,0,0
2020-03-01,比利时,2,1,0
2020-03-01,冰岛,1,0,0
2020-03-01,丹麦,3,0,0
2020-03-01,德国,117,16,0
2020-03-01,俄罗斯,5,2,0
2020-03-01,厄瓜多尔,1,0,0
2020-03-01,法国,100,12,2
2020-03-01,菲律宾,3,1,1
2020-03-01,芬兰,3,1,0
2020-03-01,格鲁吉亚,3,0,0
2020-03-01,韩国,3736,27,20
2020-03-01,荷兰,7,0,0
2020-03-01,加拿大,20,4,0
2020-03-01,柬埔寨,1,1,0
2020-03-01,卡塔尔,1,0,0
2020-03-01,科威特,46,0,0
2020-03-01,克罗地亚,7,0,0
2020-03-01,黎巴嫩,3,0,0
2020-03-01,立陶宛,1,0,0
2020-03-01,卢森堡,1,0,0
2020-03-01,罗马尼亚,3,0,0
2020-03-01,马来西亚,29,22,0
2020-03-01,美国,69,3,1
2020-03-01,摩纳哥,1,0,0
2020-03-01,墨西哥,4,0,0
2020-03-01,尼泊尔,1,1,0
2020-03-01,尼日利亚,1,0,0
2020-03-01,挪威,17,0,0
2020-03-01,日本,239,33,5
2020-03-01,瑞典,13,0,0
2020-03-01,瑞士,24,0,0
2020-03-01,圣马力诺,1,0,0
2020-03-01,斯里兰卡,1,1,0
2020-03-01,泰国,42,28,1
2020-03-01,西班牙,74,2,0
2020-03-01,希腊,7,0,0
2020-03-01,新加坡,102,72,0
2020-03-01,新西兰,1,0,0
2020-03-01,亚美尼亚,1,0,0
2020-03-01,伊拉克,13,0,0
2020-03-01,伊朗,593,123,54
2020-03-01,以色列,10,0,0
2020-03-01,意大利,1128,50,29
2020-03-01,印度,3,3,0
2020-03-01,英国,35,8,0
2020-03-01,越南,16,16,0
2020-03-01,中国,80174,44518,2915
2020-03-02,阿尔及利亚,3,0,0
2020-03-02,阿富汗,1,0,0
2020-03-02,阿联酋,21,5,0
2020-03-02,阿曼,6,0,0
2020-03-02,阿塞拜疆,3,0,0
2020-03-02,埃及,2,1,0
2020-03-02,爱尔兰,1,0,0
2020-03-02,爱沙尼亚,1,0,0
2020-03-02,安道尔,1,0,0
2020-03-02,奥地利,14,0,0
2020-03-02,澳大利亚,33,15,1
2020-03-02,巴基斯坦,4,0,0
2020-03-02,巴林,47,0,0
2020-03-02,巴西,2,0,0
2020-03-02,白俄罗斯,1,0,0
2020-03-02,北马其顿,1,0,0
2020-03-02,比利时,8,1,0
2020-03-02,冰岛,3,0,0
2020-03-02,丹麦,4,0,0
2020-03-02,德国,150,16,0
2020-03-02,多米尼加,1,0,0
2020-03-02,俄罗斯,6,2,0
2020-03-02,厄瓜多尔,6,0,0
2020-03-02,法国,130,12,2
2020-03-02,菲律宾,3,1,1
2020-03-02,芬兰,6,1,0
2020-03-02,格鲁吉亚,3,0,0
2020-03-02,韩国,4335,30,26
2020-03-02,荷兰,10,0,0
2020-03-02,加拿大,24,4,0
2020-03-02,柬埔寨,1,1,0
2020-03-02,捷克,3,0,0
2020-03-02,卡塔尔,1,0,0
2020-03-02,科威特,56,0,0
2020-03-02,克罗地亚,8,0,0
2020-03-02,黎巴嫩,3,0,0
2020-03-02,立陶宛,1,0,0
2020-03-02,卢森堡,1,0,0
2020-03-02,罗马尼亚,3,0,0
2020-03-02,马来西亚,29,22,0
2020-03-02,美国,89,3,2
2020-03-02,摩纳哥,1,0,0
2020-03-02,墨西哥,5,0,0
2020-03-02,尼泊尔,1,1,0
2020-03-02,尼日利亚,1,0,0
2020-03-02,挪威,19,0,0
2020-03-02,葡萄牙,2,0,0
2020-03-02,日本,254,33,6
2020-03-02,瑞典,14,0,0
2020-03-02,瑞士,27,0,0
2020-03-02,圣马力诺,1,0,0
2020-03-02,斯里兰卡,1,1,0
2020-03-02,泰国,43,28,1
2020-03-02,西班牙,74,2,0
2020-03-02,希腊,7,0,0
2020-03-02,新加坡,106,74,0
2020-03-02,新西兰,1,0,0
2020-03-02,亚美尼亚,1,0,0
2020-03-02,伊拉克,21,0,0
2020-03-02,伊朗,1501,291,66
2020-03-02,以色列,10,0,0
2020-03-02,意大利,1731,83,42
2020-03-02,印度,5,3,0
2020-03-02,印度尼西亚,2,0,0
2020-03-02,英国,40,8,0
2020-03-02,约旦,1,0,0
2020-03-02,越南,16,16,0
2020-03-02,中国,80302,47260,2946
2020-03-03,阿尔及利亚,3,0,0
2020-03-03,阿富汗,1,0,0
2020-03-03,阿联酋,21,5,0
2020-03-03,阿曼,12,2,0
2020-03-03,阿塞拜疆,3,0,0
2020-03-03,埃及,2,1,0
2020-03-03,爱尔兰,1,0,0
2020-03-03,爱沙尼亚,1,0,0
2020-03-03,安道尔,1,0,0
2020-03-03,奥地利,16,0,0
2020-03-03,澳大利亚,40,15,1
2020-03-03,巴基斯坦,5,0,0
2020-03-03,巴林,47,0,0
2020-03-03,巴西,2,0,0
2020-03-03,白俄罗斯,3,0,0
2020-03-03,北马其顿,1,0,0
2020-03-03,比利时,13,1,0
2020-03-03,冰岛,9,0,0
2020-03-03,丹麦,6,0,0
2020-03-03,德国,196,16,0
2020-03-03,多米尼加,1,0,0
2020-03-03,俄罗斯,6,2,0
2020-03-03,厄瓜多尔,7,0,0
2020-03-03,法国,204,12,3
2020-03-03,菲律宾,3,1,1
2020-03-03,芬兰,7,1,0
2020-03-03,格鲁吉亚,3,0,0
2020-03-03,韩国,5186,30,31
2020-03-03,荷兰,24,0,0
2020-03-03,加拿大,27,7,0
2020-03-03,柬埔寨,1,1,0
2020-03-03,捷克,5,0,0
2020-03-03,卡塔尔,7,0,0
2020-03-03,科威特,56,0,0
2020-03-03,克罗地亚,9,0,0
2020-03-03,拉脱维亚,1,0,0
2020-03-03,黎巴嫩,10,0,0
2020-03-03,立陶宛,1,0,0
2020-03-03,卢森堡,1,0,0
2020-03-03,罗马尼亚,3,1,0
2020-03-03,马来西亚,36,22,0
2020-03-03,美国,106,3,6
2020-03-03,摩洛哥,1,0,0
2020-03-03,摩纳哥,1,0,0
2020-03-03,墨西哥,5,0,0
2020-03-03,尼泊尔,1,1,0
2020-03-03,尼日利亚,1,0,0
2020-03-03,挪威,32,0,0
2020-03-03,葡萄牙,2,0,0
2020-03-03,日本,268,35,6
2020-03-03,瑞典,19,0,0
2020-03-03,瑞士,46,2,0
2020-03-03,塞内加尔,1,0,0
2020-03-03,沙特阿拉伯,1,0,0
2020-03-03,圣马力诺,1,0,0
2020-03-03,斯里兰卡,1,1,0
2020-03-03,泰国,43,28,1
2020-03-03,突尼斯,1,0,0
2020-03-03,乌克兰,1,0,0
2020-03-03,西班牙,150,3,0
2020-03-03,希腊,7,0,0
2020-03-03,新加坡,110,78,0
2020-03-03,新西兰,1,0,0
2020-03-03,亚美尼亚,1,0,0
2020-03-03,伊拉克,26,0,0
2020-03-03,伊朗,2336,435,77
2020-03-03,以色列,12,0,0
2020-03-03,意大利,2084,149,52
2020-03-03,印度,11,3,0
2020-03-03,印度尼西亚,2,0,0
2020-03-03,英国,51,8,0
2020-03-03,约旦,1,0,0
2020-03-03,越南,16,16,0
2020-03-03,中国,80303,47423,2948
2020-03-04,阿尔及利亚,8,0,0
2020-03-04,阿富汗,1,0,0
2020-03-04,阿根廷,1,0,0
2020-03-04,阿联酋,27,5,0
2020-03-04,阿曼,12,2,0
2020-03-04,阿塞拜疆,3,0,0
2020-03-04,埃及,2,1,0
2020-03-04,爱尔兰,2,0,0
2020-03-04,爱沙尼亚,1,0,0
2020-03-04,安道尔,1,0,0
2020-03-04,奥地利,24,0,0
2020-03-04,澳大利亚,50,15,2
2020-03-04,巴基斯坦,5,0,0
2020-03-04,巴林,50,0,0
2020-03-04,巴西,2,0,0
2020-03-04,白俄罗斯,6,0,0
2020-03-04,北马其顿,1,0,0
2020-03-04,比利时,23,1,0
2020-03-04,冰岛,16,1,0
2020-03-04,波兰,1,0,0
2020-03-04,丹麦,10,0,0
2020-03-04,德国,240,16,0
2020-03-04,多米尼加,1,0,0
2020-03-04,俄罗斯,6,2,0
2020-03-04,厄瓜多尔,7,0,0
2020-03-04,法国,257,12,4
2020-03-04,菲律宾,3,1,1
2020-03-04,芬兰,7,1,0
2020-03-04,格鲁吉亚,3,0,0
2020-03-04,韩国,5621,34,35
2020-03-04,荷兰,38,0,0
2020-03-04,加拿大,33,7,0
2020-03-04,柬埔寨,1,1,0
2020-03-04,捷克,5,0,0
2020-03-04,卡塔尔,7,0,0
2020-03-04,科威特,56,0,0
2020-03-04,克罗地亚,9,0,0
2020-03-04,拉脱维亚,1,0,0
2020-03-04,黎巴嫩,13,1,0
2020-03-04,立陶宛,1,0,0
2020-03-04,卢森堡,1,0,0
2020-03-04,罗马尼亚,4,1,0
2020-03-04,马来西亚,50,22,0
2020-03-04,美国,126,3,9
2020-03-04,摩洛哥,1,0,0
2020-03-04,摩纳哥,1,0,0
2020-03-04,墨西哥,5,1,0
2020-03-04,尼泊尔,1,1,0
2020-03-04,尼日利亚,1,0,0
2020-03-04,挪威,34,0,0
2020-03-04,葡萄牙,5,0,0
2020-03-04,日本,284,37,6
2020-03-04,瑞典,35,0,0
2020-03-04,瑞士,66,2,0
2020-03-04,塞内加尔,2,0,0
2020-03-04,沙特阿拉伯,1,0,0
2020-03-04,圣马力诺,8,0,0
2020-03-04,斯里兰卡,1,1,0
2020-03-04,泰国,43,28,1
2020-03-04,突尼斯,1,0,0
2020-03-04,乌克兰,1,0,0
2020-03-04,西班牙,179,3,1
2020-03-04,希腊,9,0,0
2020-03-04,新加坡,112,78,0
2020-03-04,新西兰,2,0,0
2020-03-04,亚美尼亚,1,0,0
2020-03-04,伊拉克,31,0,1
2020-03-04,伊朗,2922,552,92
2020-03-04,以色列,15,0,0
2020-03-04,意大利,2546,160,79
2020-03-04,印度,28,3,0
2020-03-04,印度尼西亚,2,0,0
2020-03-04,英国,85,8,0
2020-03-04,约旦,1,0,0
2020-03-04,越南,16,16,0
2020-03-04,智利,1,0,0
2020-03-04,中国,80565,52109,3015
2020-03-05,阿尔及利亚,17,0,0
2020-03-05,阿富汗,1,0,0
2020-03-05,阿根廷,1,0,0
2020-03-05,阿联酋,28,5,0
2020-03-05,阿曼,16,2,0
2020-03-05,阿塞拜疆,3,0,0
2020-03-05,埃及,3,1,0
2020-03-05,爱尔兰,6,0,0
2020-03-05,爱沙尼亚,2,0,0
2020-03-05,安道尔,1,0,0
2020-03-05,奥地利,24,0,0
2020-03-05,澳大利亚,57,15,2
2020-03-05,巴基斯坦,5,0,0
2020-03-05,巴林,50,0,0
2020-03-05,巴西,3,0,0
2020-03-05,白俄罗斯,6,0,0
2020-03-05,北马其顿,1,0,0
2020-03-05,比利时,50,1,0
2020-03-05,冰岛,34,1,0
2020-03-05,波黑,1,0,0
2020-03-05,波兰,1,0,0
2020-03-05,丹麦,15,0,0
2020-03-05,德国,349,16,0
2020-03-05,多米尼加,1,0,0
2020-03-05,俄罗斯,7,2,0
2020-03-05,厄瓜多尔,10,0,0
2020-03-05,法国,377,12,6
2020-03-05,菲律宾,3,1,1
2020-03-05,芬兰,12,1,0
2020-03-05,格鲁吉亚,3,0,0
2020-03-05,韩国,6088,88,41
2020-03-05,荷兰,82,0,0
2020-03-05,加拿大,34,7,0
2020-03-05,柬埔寨,1,1,0
2020-03-05,捷克,8,0,0
2020-03-05,卡塔尔,8,0,0
2020-03-05,科威特,58,0,0
2020-03-05,克罗地亚,10,0,0
2020-03-05,拉脱维亚,1,0,0
2020-03-05,黎巴嫩,15,1,0
2020-03-05,立陶宛,1,0,0
2020-03-05,卢森堡,1,0,0
2020-03-05,罗马尼亚,6,1,0
2020-03-05,马来西亚,55,22,0
2020-03-05,美国,161,3,11
2020-03-05,摩洛哥,2,0,0
2020-03-05,摩纳哥,1,0,0
2020-03-05,墨西哥,5,1,0
2020-03-05,南非,1,0,0
2020-03-05,尼泊尔,1,1,0
2020-03-05,尼日利亚,1,0,0
2020-03-05,挪威,72,0,0
2020-03-05,葡萄牙,5,0,0
2020-03-05,日本,317,49,6
2020-03-05,瑞典,60,0,0
2020-03-05,瑞士,81,2,1
2020-03-05,塞内加尔,4,0,0
2020-03-05,沙特阿拉伯,2,0,0
2020-03-05,圣马力诺,8,0,0
2020-03-05,斯里兰卡,1,1,0
2020-03-05,斯洛文尼亚,1,0,0
2020-03-05,泰国,47,28,1
2020-03-05,突尼斯,1,0,0
2020-03-05,乌克兰,1,0,0
2020-03-05,西班牙,248,3,2
2020-03-05,希腊,31,0,0
2020-03-05,新加坡,117,78,0
2020-03-05,新西兰,3,0,0
2020-03-05,匈牙利,2,0,0
2020-03-05,亚美尼亚,1,0,0
2020-03-05,伊拉克,31,0,3
2020-03-05,伊朗,3513,552,107
2020-03-05,以色列,15,0,0
2020-03-05,意大利,3144,276,107
2020-03-05,印度,30,3,0
2020-03-05,印度尼西亚,2,0,0
2020-03-05,英国,90,8,0
2020-03-05,约旦,1,0,0
2020-03-05,越南,16,16,0
2020-03-05,智利,3,0,0
2020-03-05,中国,80580,52294,3016
2020-03-06,阿尔及利亚,17,0,0
2020-03-06,阿富汗,1,0,0
2020-03-06,阿根廷,1,0,0
2020-03-06,阿联酋,29,5,0
2020-03-06,阿曼,16,2,0
2020-03-06,阿塞拜疆,3,0,0
2020-03-06,埃及,15,1,0
2020-03-06,爱尔兰,13,0,0
2020-03-06,爱沙尼亚,5,0,0
2020-03-06,安道尔,1,0,0
2020-03-06,奥地利,41,0,0
2020-03-06,澳大利亚,66,15,3
2020-03-06,巴基斯坦,6,0,0
2020-03-06,巴勒斯坦,7,0,0
2020-03-06,巴林,56,0,0
2020-03-06,巴西,8,0,0
2020-03-06,白俄罗斯,6,0,0
2020-03-06,北马其顿,1,0,0
2020-03-06,比利时,109,1,0
2020-03-06,秘鲁,1,0,0
2020-03-06,冰岛,37,1,0
2020-03-06,波黑,2,0,0
2020-03-06,波兰,1,0,0
2020-03-06,不丹,1,0,0
2020-03-06,丹麦,20,0,0
2020-03-06,德国,565,16,0
2020-03-06,多米尼加,1,0,0
2020-03-06,俄罗斯,13,2,0
2020-03-06,厄瓜多尔,13,0,0
2020-03-06,法国,577,12,9
2020-03-06,梵蒂冈,1,0,0
2020-03-06,菲律宾,5,1,1
2020-03-06,芬兰,15,1,0
2020-03-06,格鲁吉亚,3,0,0
2020-03-06,韩国,6593,108,43
2020-03-06,荷兰,128,0,1
2020-03-06,加拿大,48,7,0
2020-03-06,柬埔寨,1,1,0
2020-03-06,捷克,12,0,0
2020-03-06,喀麦隆,1,0,0
2020-03-06,卡塔尔,11,0,0
2020-03-06,科威特,58,0,0
2020-03-06,克罗地亚,11,0,0
2020-03-06,拉脱维亚,1,0,0
2020-03-06,黎巴嫩,15,1,0
2020-03-06,立陶宛,1,0,0
2020-03-06,列支敦士登,1,0,0
2020-03-06,卢森堡,1,0,0
2020-03-06,罗马尼亚,7,1,0
2020-03-06,马来西亚,83,22,0
2020-03-06,美国,233,3,14
2020-03-06,摩洛哥,2,0,0
2020-03-06,摩纳哥,1,0,0
2020-03-06,墨西哥,5,1,0
2020-03-06,南非,1,0,0
2020-03-06,尼泊尔,1,1,0
2020-03-06,尼日利亚,1,0,0
2020-03-06,挪威,90,0,0
2020-03-06,葡萄牙,7,0,0
2020-03-06,日本,349,69,6
2020-03-06,瑞典,94,0,0
2020-03-06,瑞士,210,3,1
2020-03-06,塞尔维亚,1,0,0
2020-03-06,塞内加尔,4,0,0
2020-03-06,沙特阿拉伯,5,0,0
2020-03-06,圣马力诺,23,0,0
2020-03-06,斯里兰卡,1,1,0
2020-03-06,斯洛伐克,1,0,0
2020-03-06,斯洛文尼亚,6,0,0
2020-03-06,泰国,48,28,1
2020-03-06,突尼斯,1,0,0
2020-03-06,乌克兰,1,0,0
2020-03-06,西班牙,365,3,5
2020-03-06,希腊,45,0,0
2020-03-06,新加坡,130,81,0
2020-03-06,新西兰,4,0,0
2020-03-06,匈牙利,4,0,0
2020-03-06,亚美尼亚,1,0,0
2020-03-06,伊拉克,38,0,3
2020-03-06,伊朗,4747,739,124
2020-03-06,以色列,17,0,0
2020-03-06,意大利,3927,414,148
2020-03-06,印度,31,3,0
2020-03-06,印度尼西亚,4,0,0
2020-03-06,英国,163,8,1
2020-03-06,约旦,1,0,0
2020-03-06,越南,16,16,0
2020-03-06,直布罗陀,1,0,0
2020-03-06,智利,4,0,0
2020-03-06,中国,80813,55477,3073
2020-03-07,阿尔及利亚,19,0,0
2020-03-07,阿富汗,4,0,0
2020-03-07,阿根廷,8,0,0
2020-03-07,阿联酋,45,5,0
2020-03-07,阿曼,16,2,0
2020-03-07,阿塞拜疆,3,0,0
2020-03-07,埃及,15,1,0
2020-03-07,爱尔兰,18,0,0
2020-03-07,爱沙尼亚,10,0,0
2020-03-07,安道尔,1,0,0
2020-03-07,奥地利,66,0,0
2020-03-07,澳大利亚,64,15,2
2020-03-07,巴基斯坦,6,0,0
2020-03-07,巴勒斯坦,16,0,0
2020-03-07,巴林,56,4,0
2020-03-07,巴西,13,0,0
2020-03-07,白俄罗斯,6,0,0
2020-03-07,北马其顿,3,0,0
2020-03-07,比利时,169,1,0
2020-03-07,秘鲁,1,0,0
2020-03-07,冰岛,43,1,0
2020-03-07,波黑,3,0,0
2020-03-07,波兰,5,0,0
2020-03-07,不丹,1,0,0
2020-03-07,丹麦,27,0,0
2020-03-07,德国,684,17,0
2020-03-07,多哥,1,0,0
2020-03-07,多米尼加,1,0,0
2020-03-07,俄罗斯,14,2,0
2020-03-07,厄瓜多尔,14,0,0
2020-03-07,法国,716,12,11
2020-03-07,梵蒂冈,1,0,0
2020-03-07,菲律宾,6,1,1
2020-03-07,芬兰,19,1,0
2020-03-07,哥伦比亚,1,0,0
2020-03-07,哥斯达黎加,1,0,0
2020-03-07,格鲁吉亚,9,0,0
2020-03-07,韩国,7041,118,44
2020-03-07,荷兰,128,0,1
2020-03-07,加拿大,54,7,0
2020-03-07,柬埔寨,1,1,0
2020-03-07,捷克,19,0,0
2020-03-07,喀麦隆,2,0,0
2020-03-07,卡塔尔,11,0,0
2020-03-07,科威特,61,0,0
2020-03-07,克罗地亚,12,0,0
2020-03-07,拉脱维亚,1,0,0
2020-03-07,黎巴嫩,16,1,0
2020-03-07,立陶宛,1,0,0
2020-03-07,列支敦士登,1,0,0
2020-03-07,卢森堡,3,0,0
2020-03-07,罗马尼亚,9,1,0
2020-03-07,马耳他,1,0,0
2020-03-07,马来西亚,93,22,0
2020-03-07,美国,338,10,17
2020-03-07,摩洛哥,2,0,0
2020-03-07,摩纳哥,1,0,0
2020-03-07,墨西哥,6,1,0
2020-03-07,南非,2,0,0
2020-03-07,尼泊尔,1,1,0
2020-03-07,尼日利亚,1,0,0
2020-03-07,挪威,136,0,0
2020-03-07,葡萄牙,15,0,0
2020-03-07,日本,408,76,6
2020-03-07,瑞典,161,0,0
2020-03-07,瑞士,228,3,1
2020-03-07,塞尔维亚,1,0,0
2020-03-07,塞内加尔,4,0,0
2020-03-07,沙特阿拉伯,8,0,0
2020-03-07,圣马力诺,23,0,1
2020-03-07,斯里兰卡,1,1,0
2020-03-07,斯洛伐克,1,0,0
2020-03-07,斯洛文尼亚,7,0,0
2020-03-07,泰国,50,28,1
2020-03-07,突尼斯,1,0,0
2020-03-07,乌克兰,1,0,0
2020-03-07,西班牙,430,3,8
2020-03-07,希腊,46,0,0
2020-03-07,新加坡,138,81,0
2020-03-07,新西兰,5,0,0
2020-03-07,匈牙利,4,0,0
2020-03-07,亚美尼亚,1,0,0
2020-03-07,伊拉克,46,0,4
2020-03-07,伊朗,5823,739,145
2020-03-07,以色列,21,2,0
2020-03-07,意大利,4680,523,197
2020-03-07,印度,33,3,0
2020-03-07,印度尼西亚,4,0,0
2020-03-07,英国,206,8,2
2020-03-07,约旦,1,0,0
2020-03-07,越南,18,16,0
2020-03-07,直布罗陀,1,0,0
2020-03-07,智利,5,0,0
2020-03-07,中国,80859,57143,3100
2020-03-08,阿尔及利亚,20,0,0
2020-03-08,阿富汗,4,0,0
2020-03-08,阿根廷,8,0,1
2020-03-08,阿联酋,45,7,0
2020-03-08,阿曼,16,2,0
2020-03-08,阿塞拜疆,9,0,0
2020-03-08,埃及,48,1,0
2020-03-08,爱尔兰,19,0,0
2020-03-08,爱沙尼亚,10,0,0
2020-03-08,安道尔,1,1,0
2020-03-08,奥地利,104,0,0
2020-03-08,澳大利亚,76,21,3
2020-03-08,巴基斯坦,6,1,0
2020-03-08,巴拉圭,1,0,0
2020-03-08,巴勒斯坦,19,0,0
2020-03-08,巴林,85,6,0
2020-03-08,巴西,19,0,0
2020-03-08,白俄罗斯,6,0,0
2020-03-08,保加利亚,4,0,0
2020-03-08,北马其顿,3,0,0
2020-03-08,比利时,200,1,0
2020-03-08,秘鲁,6,0,0
2020-03-08,冰岛,50,1,0
2020-03-08,波黑,3,0,0
2020-03-08,波兰,8,0,0
2020-03-08,不丹,1,0,0
2020-03-08,丹麦,35,1,0
2020-03-08,德国,939,18,0
2020-03-08,多哥,1,0,0
2020-03-08,多米尼加,1,0,0
2020-03-08,俄罗斯,17,2,0
2020-03-08,厄瓜多尔,14,0,0
2020-03-08,法国,949,12,16
2020-03-08,梵蒂冈,1,0,0
2020-03-08,菲律宾,6,1,1
2020-03-08,芬兰,23,1,0
2020-03-08,哥伦比亚,1,0,0
2020-03-08,哥斯达黎加,1,0,0
2020-03-08,格鲁吉亚,13,0,0
2020-03-08,韩国,7313,130,50
2020-03-08,荷兰,265,0,1
2020-03-08,加拿大,60,8,0
2020-03-08,柬埔寨,2,1,0
2020-03-08,捷克,26,0,0
2020-03-08,喀麦隆,2,0,0
2020-03-08,卡塔尔,12,0,0
2020-03-08,科威特,64,0,0
2020-03-08,克罗地亚,12,0,0
2020-03-08,拉脱维亚,1,0,0
2020-03-08,黎巴嫩,28,1,0
2020-03-08,立陶宛,1,0,0
2020-03-08,列支敦士登,1,0,0
2020-03-08,卢森堡,3,0,0
2020-03-08,罗马尼亚,14,3,0
2020-03-08,马尔代夫,2,0,0
2020-03-08,马耳他,1,0,0
2020-03-08,马来西亚,99,23,0
2020-03-08,美国,445,10,19
2020-03-08,孟加拉,1,0,0
2020-03-08,摩尔多瓦,1,0,0
2020-03-08,摩洛哥,2,0,0
2020-03-08,摩纳哥,1,0,0
2020-03-08,墨西哥,7,1,0
2020-03-08,南非,2,0,0
2020-03-08,尼泊尔,1,1,0
2020-03-08,尼日利亚,1,0,0
2020-03-08,挪威,157,0,0
2020-03-08,葡萄牙,21,0,0
2020-03-08,日本,455,80,6
2020-03-08,瑞典,203,0,0
2020-03-08,瑞士,281,3,2
2020-03-08,塞尔维亚,1,0,0
2020-03-08,塞内加尔,4,0,0
2020-03-08,沙特阿拉伯,11,0,0
2020-03-08,圣马力诺,26,0,1
2020-03-08,斯里兰卡,1,1,0
2020-03-08,斯洛伐克,3,0,0
2020-03-08,斯洛文尼亚,12,0,0
2020-03-08,泰国,50,33,1
2020-03-08,突尼斯,1,0,0
2020-03-08,乌克兰,1,0,0
2020-03-08,西班牙,613,30,13
2020-03-08,希腊,73,0,0
2020-03-08,新加坡,150,90,0
2020-03-08,新西兰,5,0,0
2020-03-08,匈牙利,5,0,0
2020-03-08,亚美尼亚,1,0,0
2020-03-08,伊拉克,54,0,4
2020-03-08,伊朗,6566,1669,194
2020-03-08,以色列,25,2,0
2020-03-08,意大利,6092,589,233
2020-03-08,印度,40,3,0
2020-03-08,印度尼西亚,6,0,0
2020-03-08,英国,273,18,2
2020-03-08,约旦,1,0,0
2020-03-08,越南,30,16,0
2020-03-08,直布罗陀,1,0,0
2020-03-08,智利,7,0,0
2020-03-08,中国,80904,58684,3123
2020-03-09,阿尔巴尼亚,2,0,0
2020-03-09,阿尔及利亚,20,0,0
2020-03-09,阿富汗,4,0,0
2020-03-09,阿根廷,12,0,1
2020-03-09,阿联酋,59,7,0
2020-03-09,阿曼,18,2,0
2020-03-09,阿塞拜疆,9,0,0
2020-03-09,埃及,55,12,1
2020-03-09,爱尔兰,21,0,0
2020-03-09,爱沙尼亚,10,0,0
2020-03-09,安道尔,1,1,0
2020-03-09,奥地利,104,0,0
2020-03-09,澳大利亚,83,22,3
2020-03-09,巴基斯坦,7,1,0
2020-03-09,巴拉圭,1,0,0
2020-03-09,巴勒斯坦,19,0,0
2020-03-09,巴林,109,14,0
2020-03-09,巴西,25,0,0
2020-03-09,白俄罗斯,6,0,0
2020-03-09,保加利亚,4,0,0
2020-03-09,北马其顿,4,0,0
2020-03-09,比利时,239,1,0
2020-03-09,秘鲁,7,0,0
2020-03-09,冰岛,58,1,0
2020-03-09,波黑,3,0,0
2020-03-09,波兰,16,0,0
2020-03-09,不丹,1,0,0
2020-03-09,丹麦,35,1,0
2020-03-09,德国,1112,18,0
2020-03-09,多哥,1,0,0
2020-03-09,多米尼加,1,0,0
2020-03-09,俄罗斯,20,2,0
2020-03-09,厄瓜多尔,14,0,0
2020-03-09,法国,1209,12,21
2020-03-09,法罗群岛,1,0,0
2020-03-09,法属圭亚那,5,0,0
2020-03-09,梵蒂冈,1,0,0
2020-03-09,菲律宾,20,2,1
2020-03-09,芬兰,30,1,0
2020-03-09,哥伦比亚,3,0,0
2020-03-09,哥斯达黎加,9,0,0
2020-03-09,格鲁吉亚,15,0,0
2020-03-09,韩国,7478,166,53
2020-03-09,荷兰,321,0,3
2020-03-09,加拿大,66,8,0
2020-03-09,柬埔寨,2,1,0
2020-03-09,捷克,32,0,0
2020-03-09,喀麦隆,2,0,0
2020-03-09,卡塔尔,15,0,0
2020-03-09,科威特,65,0,0
2020-03-09,克罗地亚,12,0,0
2020-03-09,拉脱维亚,6,0,0
2020-03-09,黎巴嫩,32,1,0
2020-03-09,立陶宛,1,0,0
2020-03-09,列支敦士登,1,0,0
2020-03-09,卢森堡,5,0,0
2020-03-09,罗马尼亚,15,3,0
2020-03-09,马尔代夫,4,0,0
2020-03-09,马耳他,3,0,0
2020-03-09,马来西亚,117,24,0
2020-03-09,马提尼克,2,0,0
2020-03-09,美国,572,10,22
2020-03-09,孟加拉,3,0,0
2020-03-09,摩尔多瓦,1,0,0
2020-03-09,摩洛哥,2,0,0
2020-03-09,摩纳哥,1,0,0
2020-03-09,墨西哥,7,1,0
2020-03-09,南非,3,0,0
2020-03-09,尼泊尔,1,1,0
2020-03-09,尼日利亚,2,0,0
2020-03-09,挪威,176,0,0
2020-03-09,葡萄牙,30,0,0
2020-03-09,日本,488,80,7
2020-03-09,瑞典,248,0,0
2020-03-09,瑞士,337,3,2
2020-03-09,塞尔维亚,1,0,0
2020-03-09,塞内加尔,4,0,0
2020-03-09,沙特阿拉伯,15,0,0
2020-03-09,圣马力诺,36,0,1
2020-03-09,斯里兰卡,1,1,0
2020-03-09,斯洛伐克,5,0,0
2020-03-09,斯洛文尼亚,16,0,0
2020-03-09,泰国,50,33,1
2020-03-09,突尼斯,2,0,0
2020-03-09,文莱,1,0,0
2020-03-09,乌克兰,1,0,0
2020-03-09,西班牙,909,30,25
2020-03-09,希腊,73,0,0
2020-03-09,新加坡,160,90,0
2020-03-09,新西兰,5,0,0
2020-03-09,匈牙利,9,0,0
2020-03-09,亚美尼亚,1,0,0
2020-03-09,伊拉克,61,1,6
2020-03-09,伊朗,7161,2134,237
2020-03-09,以色列,39,2,0
2020-03-09,意大利,7424,622,366
2020-03-09,印度,43,3,0
2020-03-09,印度尼西亚,19,0,0
2020-03-09,英国,319,18,3
2020-03-09,约旦,1,0,0
2020-03-09,越南,30,16,0
2020-03-09,直布罗陀,1,0,0
2020-03-09,智利,8,0,0
2020-03-09,中国,80924,59982,3140
2020-03-09,钻石号邮轮,696,245,7
2020-03-10,阿尔巴尼亚,6,0,0
2020-03-10,阿尔及利亚,20,0,0
2020-03-10,阿富汗,5,0,0
2020-03-10,阿根廷,17,0,1
2020-03-10,阿联酋,74,17,0
2020-03-10,阿曼,18,2,0
2020-03-10,阿塞拜疆,11,0,0
2020-03-10,埃及,59,12,1
2020-03-10,爱尔兰,24,0,0
2020-03-10,爱沙尼亚,12,0,0
2020-03-10,安道尔,1,1,0
2020-03-10,奥地利,157,0,0
2020-03-10,澳大利亚,101,22,3
2020-03-10,巴基斯坦,18,1,0
2020-03-10,巴拉圭,1,0,0
2020-03-10,巴勒斯坦,25,0,0
2020-03-10,巴林,109,14,0
2020-03-10,巴拿马,1,0,0
2020-03-10,巴西,30,0,0
2020-03-10,白俄罗斯,9,0,0
2020-03-10,保加利亚,4,0,0
2020-03-10,北马其顿,7,0,0
2020-03-10,比利时,267,1,0
2020-03-10,秘鲁,9,0,0
2020-03-10,冰岛,60,1,0
2020-03-10,波黑,5,0,0
2020-03-10,波兰,18,0,0
2020-03-10,不丹,1,0,0
2020-03-10,布基纳法索,2,0,0
2020-03-10,丹麦,156,1,0
2020-03-10,德国,1139,18,2
2020-03-10,多哥,1,0,0
2020-03-10,多米尼加,1,0,0
2020-03-10,俄罗斯,20,2,0
2020-03-10,厄瓜多尔,15,0,0
2020-03-10,法国,1606,12,30
2020-03-10,法罗群岛,1,0,0
2020-03-10,法属圭亚那,5,0,0
2020-03-10,梵蒂冈,1,0,0
2020-03-10,菲律宾,35,2,1
2020-03-10,芬兰,40,1,0
2020-03-10,刚果（金）,1,0,0
2020-03-10,哥伦比亚,3,0,0
2020-03-10,哥斯达黎加,9,0,0
2020-03-10,格鲁吉亚,15,0,0
2020-03-10,韩国,7513,247,80
2020-03-10,荷兰,382,0,3
2020-03-10,加拿大,72,8,1
2020-03-10,柬埔寨,3,1,0
2020-03-10,捷克,40,0,0
2020-03-10,喀麦隆,2,0,0
2020-03-10,卡塔尔,18,0,0
2020-03-10,科威特,69,0,0
2020-03-10,克罗地亚,13,0,0
2020-03-10,拉脱维亚,8,0,0
2020-03-10,黎巴嫩,41,1,1
2020-03-10,立陶宛,1,0,0
2020-03-10,列支敦士登,1,0,0
2020-03-10,卢森堡,5,0,0
2020-03-10,罗马尼亚,17,3,0
2020-03-10,马尔代夫,6,0,0
2020-03-10,马耳他,3,0,0
2020-03-10,马来西亚,129,24,0
2020-03-10,马提尼克,2,0,0
2020-03-10,美国,717,10,26
2020-03-10,蒙古,1,0,0
2020-03-10,孟加拉,3,0,0
2020-03-10,摩尔多瓦,1,0,0
2020-03-10,摩洛哥,3,0,1
2020-03-10,摩纳哥,1,0,0
2020-03-10,墨西哥,7,1,0
2020-03-10,南非,7,0,0
2020-03-10,尼泊尔,1,1,0
2020-03-10,尼日利亚,2,0,0
2020-03-10,挪威,176,0,0
2020-03-10,葡萄牙,30,0,0
2020-03-10,日本,514,101,9
2020-03-10,瑞典,326,0,0
2020-03-10,瑞士,476,3,3
2020-03-10,塞尔维亚,4,0,0
2020-03-10,塞内加尔,4,0,0
2020-03-10,塞浦路斯,2,0,0
2020-03-10,沙特阿拉伯,20,0,0
2020-03-10,圣马力诺,51,0,2
2020-03-10,斯里兰卡,1,1,0
2020-03-10,斯洛伐克,7,0,0
2020-03-10,斯洛文尼亚,25,0,0
2020-03-10,泰国,53,33,1
2020-03-10,突尼斯,5,0,0
2020-03-10,文莱,6,0,0
2020-03-10,乌克兰,1,0,0
2020-03-10,西班牙,1648,30,35
2020-03-10,希腊,89,0,0
2020-03-10,新加坡,166,90,0
2020-03-10,新西兰,5,0,0
2020-03-10,匈牙利,9,0,0
2020-03-10,亚美尼亚,1,0,0
2020-03-10,伊拉克,67,9,7
2020-03-10,伊朗,8042,2731,291
2020-03-10,以色列,58,2,0
2020-03-10,意大利,9172,724,463
2020-03-10,印度,59,3,0
2020-03-10,印度尼西亚,27,0,0
2020-03-10,英国,373,18,6
2020-03-10,约旦,1,0,0
2020-03-10,越南,34,16,0
2020-03-10,直布罗陀,1,0,0
2020-03-10,智利,13,0,0
2020-03-10,中国,80955,61567,3162
2020-03-10,钻石号邮轮,696,245,7
2020-03-11,阿尔巴尼亚,12,0,1
2020-03-11,阿尔及利亚,20,0,0
2020-03-11,阿富汗,7,0,0
2020-03-11,阿根廷,17,0,1
2020-03-11,阿联酋,74,17,0
2020-03-11,阿曼,18,9,0
2020-03-11,阿塞拜疆,11,0,0
2020-03-11,埃及,59,26,1
2020-03-11,爱尔兰,34,0,0
2020-03-11,爱沙尼亚,13,0,0
2020-03-11,安道尔,1,1,0
2020-03-11,奥地利,206,2,0
2020-03-11,澳大利亚,117,22,3
2020-03-11,巴基斯坦,20,1,0
2020-03-11,巴拉圭,2,0,0
2020-03-11,巴勒斯坦,30,0,0
2020-03-11,巴林,189,30,0
2020-03-11,巴拿马,8,0,1
2020-03-11,巴西,34,0,0
2020-03-11,白俄罗斯,12,3,0
2020-03-11,保加利亚,6,0,0
2020-03-11,北马其顿,7,0,0
2020-03-11,比利时,314,1,1
2020-03-11,秘鲁,11,0,0
2020-03-11,冰岛,85,1,0
2020-03-11,波黑,7,0,0
2020-03-11,波兰,25,0,0
2020-03-11,玻利维亚,2,0,0
2020-03-11,不丹,1,0,0
2020-03-11,布基纳法索,2,0,0
2020-03-11,丹麦,340,1,0
2020-03-11,德国,1565,18,3
2020-03-11,多哥,1,0,0
2020-03-11,多米尼加,5,0,0
2020-03-11,俄罗斯,20,3,0
2020-03-11,厄瓜多尔,15,0,0
2020-03-11,法国,1784,12,33
2020-03-11,法罗群岛,2,0,0
2020-03-11,法属圭亚那,5,0,0
2020-03-11,梵蒂冈,1,0,0
2020-03-11,菲律宾,49,2,1
2020-03-11,芬兰,59,1,0
2020-03-11,刚果（金）,1,0,0
2020-03-11,哥伦比亚,3,0,0
2020-03-11,哥斯达黎加,13,0,0
2020-03-11,格恩西岛,1,0,0
2020-03-11,格鲁吉亚,23,0,0
2020-03-11,韩国,7755,288,65
2020-03-11,荷兰,503,0,5
2020-03-11,洪都拉斯,2,0,0
2020-03-11,加拿大,95,8,1
2020-03-11,柬埔寨,3,1,0
2020-03-11,捷克,61,0,0
2020-03-11,喀麦隆,2,0,0
2020-03-11,卡塔尔,24,0,0
2020-03-11,科威特,72,2,0
2020-03-11,克罗地亚,16,0,0
2020-03-11,拉脱维亚,10,0,0
2020-03-11,黎巴嫩,59,1,2
2020-03-11,立陶宛,3,0,0
2020-03-11,列支敦士登,1,0,0
2020-03-11,留尼汪,1,0,0
2020-03-11,卢森堡,5,0,0
2020-03-11,罗马尼亚,31,5,0
2020-03-11,马尔代夫,6,0,0
2020-03-11,马耳他,6,0,0
2020-03-11,马来西亚,149,26,0
2020-03-11,马提尼克,2,0,0
2020-03-11,美国,1004,10,31
2020-03-11,蒙古,1,0,0
2020-03-11,孟加拉,3,0,0
2020-03-11,摩尔多瓦,1,0,0
2020-03-11,摩洛哥,5,0,1
2020-03-11,摩纳哥,1,0,0
2020-03-11,墨西哥,7,1,0
2020-03-11,南非,13,1,0
2020-03-11,尼泊尔,1,1,0
2020-03-11,尼日利亚,2,0,0
2020-03-11,挪威,436,0,0
2020-03-11,葡萄牙,59,0,0
2020-03-11,日本,568,102,12
2020-03-11,瑞典,473,0,0
2020-03-11,瑞士,645,3,4
2020-03-11,塞尔维亚,12,0,0
2020-03-11,塞内加尔,4,0,0
2020-03-11,塞浦路斯,2,0,0
2020-03-11,沙特阿拉伯,21,0,0
2020-03-11,圣马力诺,62,0,2
2020-03-11,斯里兰卡,2,1,0
2020-03-11,斯洛伐克,7,0,0
2020-03-11,斯洛文尼亚,47,0,0
2020-03-11,泰国,59,34,1
2020-03-11,突尼斯,5,0,0
2020-03-11,土耳其,1,0,0
2020-03-11,文莱,11,0,0
2020-03-11,乌克兰,1,0,0
2020-03-11,西班牙,2174,183,49
2020-03-11,希腊,89,0,0
2020-03-11,新加坡,178,96,0
2020-03-11,新西兰,5,0,0
2020-03-11,匈牙利,13,0,0
2020-03-11,牙买加,1,0,0
2020-03-11,亚美尼亚,1,0,0
2020-03-11,伊拉克,71,9,7
2020-03-11,伊朗,9000,2731,354
2020-03-11,以色列,75,4,0
2020-03-11,意大利,10293,1004,631
2020-03-11,印度,62,3,1
2020-03-11,印度尼西亚,34,0,1
2020-03-11,英国,456,18,6
2020-03-11,约旦,1,0,0
2020-03-11,越南,38,16,0
2020-03-11,直布罗陀,1,0,0
2020-03-11,智利,17,0,0
2020-03-11,中国,80980,62887,3173
2020-03-11,钻石号邮轮,696,357,7
2020-03-12,钻石号邮轮,697,388,7
2020-03-12,波黑,11,0,0
2020-03-12,蒙古,1,0,0
2020-03-12,格恩西岛,1,0,0
2020-03-12,安道尔,1,1,0
2020-03-12,阿联酋,85,17,0
2020-03-12,阿富汗,7,0,0
2020-03-12,阿尔巴尼亚,15,0,1
2020-03-12,亚美尼亚,4,0,0
2020-03-12,阿根廷,21,0,1
2020-03-12,奥地利,302,4,1
2020-03-12,澳大利亚,159,24,3
2020-03-12,阿塞拜疆,15,3,1
2020-03-12,孟加拉,3,0,0
2020-03-12,比利时,399,1,3
2020-03-12,布基纳法索,2,0,0
2020-03-12,保加利亚,10,0,1
2020-03-12,巴林,195,35,0
2020-03-12,文莱,25,0,0
2020-03-12,玻利维亚,2,0,0
2020-03-12,巴西,52,0,0
2020-03-12,不丹,1,0,0
2020-03-12,白俄罗斯,12,3,0
2020-03-12,加拿大,117,8,1
2020-03-12,刚果（金）,1,0,0
2020-03-12,瑞士,815,4,4
2020-03-12,科特迪瓦,1,0,0
2020-03-12,智利,23,0,0
2020-03-12,喀麦隆,2,0,0
2020-03-12,中国,80984,62919,3173
2020-03-12,哥伦比亚,9,0,0
2020-03-12,哥斯达黎加,22,0,0
2020-03-12,古巴,3,0,0
2020-03-12,塞浦路斯,6,0,0
2020-03-12,捷克,94,0,0
2020-03-12,德国,2078,35,3
2020-03-12,丹麦,617,1,0
2020-03-12,多米尼加,5,0,0
2020-03-12,阿尔及利亚,25,8,1
2020-03-12,厄瓜多尔,17,0,0
2020-03-12,爱沙尼亚,16,0,0
2020-03-12,埃及,67,27,1
2020-03-12,西班牙,2968,183,64
2020-03-12,芬兰,65,1,0
2020-03-12,法罗群岛,2,0,0
2020-03-12,法国,2284,12,48
2020-03-12,英国,590,19,10
2020-03-12,格鲁吉亚,24,0,0
2020-03-12,法属圭亚那,5,0,0
2020-03-12,直布罗陀,1,0,0
2020-03-12,希腊,99,0,1
2020-03-12,洪都拉斯,2,0,0
2020-03-12,克罗地亚,19,0,0
2020-03-12,匈牙利,13,0,0
2020-03-12,印度尼西亚,34,2,1
2020-03-12,爱尔兰,43,0,1
2020-03-12,以色列,127,4,0
2020-03-12,印度,74,4,1
2020-03-12,伊拉克,73,15,8
2020-03-12,伊朗,10075,3276,429
2020-03-12,冰岛,109,1,0
2020-03-12,意大利,12462,1045,827
2020-03-12,牙买加,1,0,0
2020-03-12,约旦,1,0,0
2020-03-12,日本,690,123,19
2020-03-12,柬埔寨,5,1,0
2020-03-12,韩国,7869,333,66
2020-03-12,科威特,80,5,0
2020-03-12,黎巴嫩,61,1,3
2020-03-12,列支敦士登,1,0,0
2020-03-12,斯里兰卡,3,1,0
2020-03-12,立陶宛,3,0,0
2020-03-12,卢森堡,19,0,0
2020-03-12,拉脱维亚,11,1,0
2020-03-12,摩洛哥,6,0,1
2020-03-12,摩纳哥,2,0,0
2020-03-12,摩尔多瓦,3,0,0
2020-03-12,北马其顿,9,0,0
2020-03-12,马提尼克,3,0,0
2020-03-12,马耳他,6,0,0
2020-03-12,马尔代夫,8,0,0
2020-03-12,墨西哥,12,4,0
2020-03-12,马来西亚,158,32,0
2020-03-12,尼日利亚,2,0,0
2020-03-12,荷兰,614,0,5
2020-03-12,挪威,632,1,0
2020-03-12,尼泊尔,1,1,0
2020-03-12,新西兰,5,0,0
2020-03-12,阿曼,18,9,0
2020-03-12,巴拿马,11,0,1
2020-03-12,秘鲁,15,0,0
2020-03-12,菲律宾,52,2,5
2020-03-12,巴基斯坦,21,2,0
2020-03-12,波兰,47,0,1
2020-03-12,巴勒斯坦,30,0,0
2020-03-12,葡萄牙,59,0,0
2020-03-12,巴拉圭,8,0,0
2020-03-12,卡塔尔,262,0,0
2020-03-12,留尼汪,1,0,0
2020-03-12,罗马尼亚,49,6,0
2020-03-12,塞尔维亚,19,0,0
2020-03-12,俄罗斯,28,3,0
2020-03-12,沙特阿拉伯,45,1,0
2020-03-12,瑞典,500,1,1
2020-03-12,新加坡,186,96,0
2020-03-12,斯洛文尼亚,89,0,0
2020-03-12,斯洛伐克,10,0,0
2020-03-12,圣马力诺,69,0,3
2020-03-12,塞内加尔,4,0,0
2020-03-12,多哥,1,0,0
2020-03-12,泰国,70,35,1
2020-03-12,突尼斯,7,0,0
2020-03-12,土耳其,1,0,0
2020-03-12,乌克兰,1,0,0
2020-03-12,美国,1323,10,38
2020-03-12,梵蒂冈,1,0,0
2020-03-12,越南,44,16,0
2020-03-12,南非,17,1,0
2020-03-13,钻石号邮轮,697,388,7
2020-03-13,波黑,11,0,0
2020-03-13,蒙古,1,0,0
2020-03-13,格恩西岛,1,0,0
2020-03-13,安道尔,2,1,0
2020-03-13,阿联酋,85,20,0
2020-03-13,阿富汗,7,0,0
2020-03-13,阿尔巴尼亚,15,0,1
2020-03-13,亚美尼亚,4,0,0
2020-03-13,阿根廷,31,0,1
2020-03-13,奥地利,428,4,1
2020-03-13,澳大利亚,160,24,3
2020-03-13,阿塞拜疆,15,3,1
2020-03-13,孟加拉,3,0,0
2020-03-13,比利时,399,1,3
2020-03-13,布基纳法索,2,0,0
2020-03-13,保加利亚,23,0,1
2020-03-13,巴林,210,35,0
2020-03-13,文莱,37,0,0
2020-03-13,玻利维亚,2,0,0
2020-03-13,巴西,77,0,0
2020-03-13,不丹,1,0,0
2020-03-13,白俄罗斯,12,3,0
2020-03-13,加拿大,158,11,1
2020-03-13,刚果（金）,2,0,0
2020-03-13,瑞士,1135,4,7
2020-03-13,科特迪瓦,1,0,0
2020-03-13,智利,33,0,0
2020-03-13,喀麦隆,2,0,0
2020-03-13,中国,81007,64239,3181
2020-03-13,哥伦比亚,9,0,0
2020-03-13,哥斯达黎加,22,0,0
2020-03-13,古巴,4,0,0
2020-03-13,塞浦路斯,10,0,0
2020-03-13,捷克,117,0,0
2020-03-13,德国,3117,46,7
2020-03-13,丹麦,788,1,0
2020-03-13,多米尼加,5,0,0
2020-03-13,阿尔及利亚,26,10,2
2020-03-13,厄瓜多尔,17,0,0
2020-03-13,爱沙尼亚,41,0,0
2020-03-13,埃及,80,20,2
2020-03-13,西班牙,4209,189,120
2020-03-13,埃塞俄比亚,1,0,0
2020-03-13,芬兰,155,1,0
2020-03-13,法罗群岛,2,0,0
2020-03-13,法国,2876,12,61
2020-03-13,加蓬,1,0,0
2020-03-13,英国,798,19,10
2020-03-13,格鲁吉亚,24,0,0
2020-03-13,法属圭亚那,5,0,0
2020-03-13,加纳,2,0,0
2020-03-13,直布罗陀,1,0,0
2020-03-13,几内亚,1,0,0
2020-03-13,希腊,134,0,1
2020-03-13,圭亚那,1,0,1
2020-03-13,洪都拉斯,2,0,0
2020-03-13,克罗地亚,31,0,0
2020-03-13,匈牙利,16,0,0
2020-03-13,印度尼西亚,69,2,2
2020-03-13,爱尔兰,70,0,1
2020-03-13,以色列,126,4,0
2020-03-13,印度,81,4,1
2020-03-13,伊拉克,83,24,8
2020-03-13,伊朗,11364,3529,514
2020-03-13,冰岛,117,1,0
2020-03-13,意大利,15385,1258,1016
2020-03-13,牙买加,1,0,0
2020-03-13,约旦,1,0,0
2020-03-13,日本,724,123,21
2020-03-13,肯尼亚,1,0,0
2020-03-13,柬埔寨,5,1,0
2020-03-13,韩国,7979,510,72
2020-03-13,科威特,100,5,0
2020-03-13,哈萨克斯坦,3,0,0
2020-03-13,黎巴嫩,77,1,3
2020-03-13,列支敦士登,4,0,0
2020-03-13,斯里兰卡,3,1,0
2020-03-13,立陶宛,3,0,0
2020-03-13,卢森堡,19,0,0
2020-03-13,拉脱维亚,16,1,0
2020-03-13,摩洛哥,6,0,1
2020-03-13,摩纳哥,2,0,0
2020-03-13,摩尔多瓦,6,0,0
2020-03-13,北马其顿,9,0,0
2020-03-13,马提尼克,3,0,0
2020-03-13,马耳他,6,0,0
2020-03-13,马尔代夫,8,0,0
2020-03-13,墨西哥,15,4,0
2020-03-13,马来西亚,197,32,0
2020-03-13,尼日利亚,2,0,0
2020-03-13,荷兰,804,0,5
2020-03-13,挪威,895,1,1
2020-03-13,尼泊尔,1,1,0
2020-03-13,新西兰,5,0,0
2020-03-13,阿曼,19,9,0
2020-03-13,巴拿马,11,0,1
2020-03-13,秘鲁,22,0,0
2020-03-13,法属波利尼西亚,1,0,0
2020-03-13,菲律宾,64,2,5
2020-03-13,巴基斯坦,21,2,0
2020-03-13,波兰,64,0,1
2020-03-13,巴勒斯坦,31,0,0
2020-03-13,葡萄牙,78,0,0
2020-03-13,巴拉圭,8,0,0
2020-03-13,卡塔尔,263,0,0
2020-03-13,留尼汪,1,0,0
2020-03-13,罗马尼亚,70,6,0
2020-03-13,塞尔维亚,31,0,0
2020-03-13,俄罗斯,45,3,0
2020-03-13,沙特阿拉伯,62,1,0
2020-03-13,苏丹,1,0,0
2020-03-13,瑞典,751,1,1
2020-03-13,新加坡,200,96,0
2020-03-13,斯洛文尼亚,96,0,0
2020-03-13,斯洛伐克,16,0,0
2020-03-13,圣马力诺,69,0,3
2020-03-13,塞内加尔,10,2,0
2020-03-13,多哥,1,0,0
2020-03-13,泰国,75,35,1
2020-03-13,突尼斯,13,0,0
2020-03-13,土耳其,2,0,0
2020-03-13,特立尼达和多巴哥,1,0,0
2020-03-13,乌克兰,3,0,0
2020-03-13,美国,1832,31,41
2020-03-13,梵蒂冈,1,0,0
2020-03-13,越南,47,16,0
2020-03-13,南非,24,1,0
2020-03-14,钻石号邮轮,697,390,7
2020-03-14,波黑,11,0,0
2020-03-14,泽西岛,2,0,0
2020-03-14,蒙古,1,0,0
2020-03-14,格恩西岛,1,0,0
2020-03-14,毛利塔尼亚,1,0,0
2020-03-14,安道尔,2,1,0
2020-03-14,阿联酋,85,20,0
2020-03-14,阿富汗,10,0,0
2020-03-14,安提瓜和巴布达,1,0,0
2020-03-14,阿尔巴尼亚,33,0,1
2020-03-14,亚美尼亚,8,0,0
2020-03-14,阿根廷,31,0,2
2020-03-14,奥地利,504,6,1
2020-03-14,澳大利亚,236,27,3
2020-03-14,阿鲁巴,2,0,0
2020-03-14,阿塞拜疆,15,3,1
2020-03-14,孟加拉,3,0,0
2020-03-14,比利时,689,1,3
2020-03-14,布基纳法索,2,0,0
2020-03-14,保加利亚,30,0,1
2020-03-14,巴林,211,44,0
2020-03-14,文莱,40,0,0
2020-03-14,玻利维亚,3,0,0
2020-03-14,巴西,151,0,0
2020-03-14,不丹,1,0,0
2020-03-14,白俄罗斯,27,3,0
2020-03-14,加拿大,198,11,1
2020-03-14,刚果（金）,2,0,0
2020-03-14,瑞士,1189,4,11
2020-03-14,科特迪瓦,1,0,0
2020-03-14,智利,43,0,0
2020-03-14,喀麦隆,2,0,0
2020-03-14,中国,81048,67022,3204
2020-03-14,哥伦比亚,13,0,0
2020-03-14,哥斯达黎加,22,0,0
2020-03-14,古巴,4,0,0
2020-03-14,塞浦路斯,21,0,0
2020-03-14,捷克,141,0,0
2020-03-14,德国,3718,46,8
2020-03-14,丹麦,827,1,0
2020-03-14,多米尼加,5,0,0
2020-03-14,阿尔及利亚,27,10,2
2020-03-14,厄瓜多尔,23,0,1
2020-03-14,爱沙尼亚,79,0,0
2020-03-14,埃及,93,21,2
2020-03-14,西班牙,5753,193,136
2020-03-14,埃塞俄比亚,1,0,0
2020-03-14,芬兰,210,1,0
2020-03-14,法罗群岛,2,0,0
2020-03-14,法国,3667,12,79
2020-03-14,加蓬,1,0,0
2020-03-14,英国,1140,19,21
2020-03-14,格鲁吉亚,30,0,0
2020-03-14,法属圭亚那,6,0,0
2020-03-14,加纳,2,0,0
2020-03-14,直布罗陀,1,0,0
2020-03-14,几内亚,1,0,0
2020-03-14,赤道几内亚,1,0,0
2020-03-14,希腊,190,0,3
2020-03-14,危地马拉,1,0,0
2020-03-14,圭亚那,1,0,1
2020-03-14,洪都拉斯,2,0,0
2020-03-14,克罗地亚,37,0,0
2020-03-14,匈牙利,19,1,0
2020-03-14,印度尼西亚,96,5,4
2020-03-14,爱尔兰,90,0,1
2020-03-14,以色列,161,3,0
2020-03-14,印度,84,10,2
2020-03-14,伊拉克,101,24,9
2020-03-14,伊朗,12729,4339,611
2020-03-14,冰岛,134,1,0
2020-03-14,意大利,17660,1439,1266
2020-03-14,牙买加,8,0,0
2020-03-14,约旦,1,1,0
2020-03-14,日本,786,135,21
2020-03-14,肯尼亚,1,0,0
2020-03-14,柬埔寨,7,1,0
2020-03-14,韩国,8086,714,72
2020-03-14,科威特,100,5,0
2020-03-14,哈萨克斯坦,6,0,0
2020-03-14,黎巴嫩,93,1,3
2020-03-14,列支敦士登,4,0,0
2020-03-14,斯里兰卡,9,1,0
2020-03-14,立陶宛,6,0,0
2020-03-14,卢森堡,34,0,1
2020-03-14,拉脱维亚,16,1,0
2020-03-14,摩洛哥,7,0,1
2020-03-14,摩纳哥,2,0,0
2020-03-14,摩尔多瓦,8,0,0
2020-03-14,北马其顿,13,0,0
2020-03-14,马提尼克,4,0,0
2020-03-14,马耳他,12,0,0
2020-03-14,马尔代夫,10,0,0
2020-03-14,墨西哥,26,4,0
2020-03-14,马来西亚,238,32,0
2020-03-14,尼日利亚,2,0,0
2020-03-14,荷兰,807,0,10
2020-03-14,挪威,1002,1,1
2020-03-14,尼泊尔,1,1,0
2020-03-14,新西兰,6,0,0
2020-03-14,阿曼,20,9,0
2020-03-14,巴拿马,36,0,1
2020-03-14,秘鲁,28,0,0
2020-03-14,法属波利尼西亚,1,0,0
2020-03-14,菲律宾,111,2,8
2020-03-14,巴基斯坦,30,2,0
2020-03-14,波兰,68,0,1
2020-03-14,波多黎各,3,0,0
2020-03-14,巴勒斯坦,35,0,0
2020-03-14,葡萄牙,112,0,0
2020-03-14,巴拉圭,8,0,0
2020-03-14,卡塔尔,338,0,0
2020-03-14,留尼汪,3,0,0
2020-03-14,罗马尼亚,95,7,0
2020-03-14,塞尔维亚,41,0,0
2020-03-14,俄罗斯,47,3,0
2020-03-14,卢旺达,1,0,0
2020-03-14,沙特阿拉伯,86,1,0
2020-03-14,苏丹,1,0,1
2020-03-14,瑞典,814,1,2
2020-03-14,新加坡,200,97,0
2020-03-14,斯洛文尼亚,141,0,0
2020-03-14,斯洛伐克,32,0,0
2020-03-14,圣马力诺,80,2,5
2020-03-14,塞内加尔,21,2,0
2020-03-14,斯威士兰,1,0,0
2020-03-14,多哥,1,0,0
2020-03-14,泰国,82,35,1
2020-03-14,突尼斯,13,0,0
2020-03-14,土耳其,5,0,0
2020-03-14,特立尼达和多巴哥,1,0,0
2020-03-14,乌克兰,3,0,1
2020-03-14,美国,2291,41,50
2020-03-14,乌拉圭,4,0,0
2020-03-14,梵蒂冈,1,0,0
2020-03-14,圣文森特和格林纳丁斯,1,0,0
2020-03-14,委内瑞拉,2,0,0
2020-03-14,越南,53,16,0
2020-03-14,南非,24,1,0
2020-03-14,纳米比亚,2,0,0
2020-03-15,钻石号邮轮,697,456,7
2020-03-15,波黑,21,0,0
2020-03-15,泽西岛,2,0,0
2020-03-15,蒙古,1,0,0
2020-03-15,格恩西岛,1,0,0
2020-03-15,毛利塔尼亚,1,0,0
2020-03-15,安道尔,2,1,0
2020-03-15,阿联酋,86,23,0
2020-03-15,阿富汗,16,0,0
2020-03-15,安提瓜和巴布达,1,0,0
2020-03-15,阿尔巴尼亚,38,0,1
2020-03-15,亚美尼亚,20,0,0
2020-03-15,阿根廷,45,1,2
2020-03-15,奥地利,800,6,1
2020-03-15,澳大利亚,272,27,5
2020-03-15,阿鲁巴,2,0,0
2020-03-15,阿塞拜疆,23,6,1
2020-03-15,孟加拉,5,2,0
2020-03-15,比利时,886,1,4
2020-03-15,布基纳法索,2,0,0
2020-03-15,保加利亚,43,0,2
2020-03-15,巴林,214,60,0
2020-03-15,文莱,50,0,0
2020-03-15,玻利维亚,10,0,0
2020-03-15,巴西,151,0,0
2020-03-15,不丹,1,0,0
2020-03-15,白俄罗斯,27,3,0
2020-03-15,加拿大,253,11,1
2020-03-15,刚果（金）,3,0,0
2020-03-15,中非,1,0,0
2020-03-15,刚果（布）,1,0,0
2020-03-15,瑞士,2220,4,13
2020-03-15,科特迪瓦,4,0,0
2020-03-15,智利,61,0,0
2020-03-15,喀麦隆,3,0,0
2020-03-15,中国,81077,67863,3218
2020-03-15,哥伦比亚,22,0,0
2020-03-15,哥斯达黎加,27,0,0
2020-03-15,古巴,4,0,0
2020-03-15,塞浦路斯,26,0,0
2020-03-15,捷克,189,0,0
2020-03-15,德国,5142,49,9
2020-03-15,丹麦,836,1,1
2020-03-15,多米尼加,11,0,0
2020-03-15,阿尔及利亚,48,12,4
2020-03-15,厄瓜多尔,28,0,2
2020-03-15,爱沙尼亚,135,0,0
2020-03-15,埃及,110,21,2
2020-03-15,西班牙,7753,571,288
2020-03-15,埃塞俄比亚,1,0,0
2020-03-15,芬兰,240,1,0
2020-03-15,法罗群岛,3,0,0
2020-03-15,法国,4500,12,91
2020-03-15,加蓬,1,0,0
2020-03-15,英国,1145,19,21
2020-03-15,格鲁吉亚,30,0,0
2020-03-15,法属圭亚那,6,0,0
2020-03-15,加纳,6,0,0
2020-03-15,直布罗陀,1,0,0
2020-03-15,几内亚,1,0,0
2020-03-15,瓜德罗普,1,0,0
2020-03-15,赤道几内亚,1,0,0
2020-03-15,希腊,228,8,4
2020-03-15,危地马拉,1,0,0
2020-03-15,圭亚那,6,0,1
2020-03-15,洪都拉斯,2,0,0
2020-03-15,克罗地亚,38,1,0
2020-03-15,匈牙利,30,1,1
2020-03-15,印度尼西亚,117,5,4
2020-03-15,爱尔兰,129,0,2
2020-03-15,以色列,200,4,0
2020-03-15,印度,107,10,2
2020-03-15,伊拉克,110,26,9
2020-03-15,伊朗,13938,4590,724
2020-03-15,冰岛,161,1,0
2020-03-15,意大利,21270,1966,1441
2020-03-15,牙买加,8,0,0
2020-03-15,约旦,7,1,0
2020-03-15,日本,818,144,22
2020-03-15,肯尼亚,3,0,0
2020-03-15,柬埔寨,7,1,0
2020-03-15,韩国,8162,834,75
2020-03-15,科威特,112,9,0
2020-03-15,开曼群岛,1,0,0
2020-03-15,哈萨克斯坦,8,0,0
2020-03-15,黎巴嫩,99,1,3
2020-03-15,列支敦士登,4,0,0
2020-03-15,斯里兰卡,12,1,0
2020-03-15,立陶宛,8,0,0
2020-03-15,卢森堡,59,0,1
2020-03-15,拉脱维亚,30,1,0
2020-03-15,摩洛哥,28,1,1
2020-03-15,摩纳哥,3,0,0
2020-03-15,摩尔多瓦,12,0,0
2020-03-15,北马其顿,14,0,0
2020-03-15,马提尼克,9,0,0
2020-03-15,马耳他,18,0,0
2020-03-15,马尔代夫,13,0,0
2020-03-15,墨西哥,41,4,0
2020-03-15,马来西亚,428,35,0
2020-03-15,尼日利亚,2,0,0
2020-03-15,荷兰,1135,0,20
2020-03-15,挪威,1090,1,3
2020-03-15,尼泊尔,1,1,0
2020-03-15,新西兰,6,0,0
2020-03-15,阿曼,21,9,0
2020-03-15,巴拿马,43,0,1
2020-03-15,秘鲁,38,0,0
2020-03-15,法属波利尼西亚,1,0,0
2020-03-15,菲律宾,140,2,12
2020-03-15,巴基斯坦,53,2,0
2020-03-15,波兰,104,0,3
2020-03-15,波多黎各,3,0,0
2020-03-15,巴勒斯坦,35,0,0
2020-03-15,葡萄牙,169,0,0
2020-03-15,巴拉圭,8,0,0
2020-03-15,卡塔尔,338,4,0
2020-03-15,留尼汪,6,0,0
2020-03-15,罗马尼亚,123,9,0
2020-03-15,塞尔维亚,46,0,0
2020-03-15,俄罗斯,63,8,0
2020-03-15,卢旺达,1,0,0
2020-03-15,沙特阿拉伯,103,1,0
2020-03-15,塞舌尔,2,0,0
2020-03-15,苏丹,1,0,1
2020-03-15,瑞典,992,1,2
2020-03-15,新加坡,226,105,0
2020-03-15,斯洛文尼亚,181,0,1
2020-03-15,斯洛伐克,44,0,0
2020-03-15,圣马力诺,80,2,5
2020-03-15,塞内加尔,24,2,0
2020-03-15,苏里南,1,0,0
2020-03-15,斯威士兰,1,0,0
2020-03-15,多哥,1,0,0
2020-03-15,泰国,114,35,1
2020-03-15,突尼斯,18,0,0
2020-03-15,土耳其,6,0,0
2020-03-15,特立尼达和多巴哥,1,0,0
2020-03-15,乌克兰,3,0,1
2020-03-15,美国,2995,56,60
2020-03-15,乌拉圭,6,0,0
2020-03-15,乌兹别克斯坦,1,0,0
2020-03-15,梵蒂冈,1,0,0
2020-03-15,圣文森特和格林纳丁斯,1,0,0
2020-03-15,委内瑞拉,10,0,0
2020-03-15,越南,53,16,0
2020-03-15,南非,51,1,0
2020-03-15,纳米比亚,2,0,0
2020-03-16,钻石号邮轮,712,458,7
2020-03-16,波黑,24,0,0
2020-03-16,泽西岛,2,0,0
2020-03-16,蒙古,1,0,0
2020-03-16,格恩西岛,1,0,0
2020-03-16,毛利塔尼亚,1,0,0
2020-03-16,荷属安的列斯,1,0,0
2020-03-16,安道尔,2,1,0
2020-03-16,阿联酋,98,26,0
2020-03-16,阿富汗,21,0,0
2020-03-16,安提瓜和巴布达,1,0,0
2020-03-16,阿尔巴尼亚,42,0,1
2020-03-16,亚美尼亚,28,0,0
2020-03-16,阿根廷,45,1,2
2020-03-16,奥地利,1018,6,2
2020-03-16,澳大利亚,375,27,5
2020-03-16,阿鲁巴,2,0,0
2020-03-16,阿塞拜疆,25,6,1
2020-03-16,孟加拉,8,2,0
2020-03-16,比利时,1058,1,5
2020-03-16,布基纳法索,15,0,0
2020-03-16,保加利亚,51,0,2
2020-03-16,巴林,221,60,1
2020-03-16,贝宁,1,0,0
2020-03-16,文莱,50,0,0
2020-03-16,玻利维亚,10,0,0
2020-03-16,巴西,203,1,0
2020-03-16,巴哈马,1,0,0
2020-03-16,不丹,1,0,0
2020-03-16,白俄罗斯,27,3,0
2020-03-16,加拿大,342,11,1
2020-03-16,刚果（金）,3,0,0
2020-03-16,中非,1,0,0
2020-03-16,刚果（布）,1,0,0
2020-03-16,瑞士,2221,4,14
2020-03-16,科特迪瓦,4,0,0
2020-03-16,智利,75,0,0
2020-03-16,喀麦隆,4,0,0
2020-03-16,中国,81116,68799,3231
2020-03-16,哥伦比亚,34,0,0
2020-03-16,哥斯达黎加,35,0,0
2020-03-16,古巴,4,0,0
2020-03-16,塞浦路斯,26,0,0
2020-03-16,捷克,298,0,0
2020-03-16,德国,6248,46,13
2020-03-16,丹麦,916,1,3
2020-03-16,多米尼加,11,0,0
2020-03-16,阿尔及利亚,54,12,4
2020-03-16,厄瓜多尔,28,0,2
2020-03-16,爱沙尼亚,205,0,0
2020-03-16,埃及,126,26,2
2020-03-16,西班牙,9407,571,335
2020-03-16,埃塞俄比亚,4,0,0
2020-03-16,芬兰,244,1,0
2020-03-16,法罗群岛,9,0,0
2020-03-16,法国,5423,12,127
2020-03-16,加蓬,1,0,0
2020-03-16,英国,1543,19,35
2020-03-16,格鲁吉亚,33,1,0
2020-03-16,法属圭亚那,7,0,0
2020-03-16,加纳,6,0,0
2020-03-16,直布罗陀,1,0,0
2020-03-16,几内亚,1,0,0
2020-03-16,瓜德罗普,1,0,0
2020-03-16,赤道几内亚,1,0,0
2020-03-16,希腊,331,10,4
2020-03-16,危地马拉,2,0,1
2020-03-16,圭亚那,6,0,1
2020-03-16,洪都拉斯,2,0,0
2020-03-16,克罗地亚,49,1,0
2020-03-16,匈牙利,32,1,1
2020-03-16,印度尼西亚,134,5,4
2020-03-16,爱尔兰,169,0,2
2020-03-16,以色列,344,4,0
2020-03-16,印度,113,13,2
2020-03-16,伊拉克,125,26,9
2020-03-16,伊朗,14991,4996,853
2020-03-16,冰岛,180,1,0
2020-03-16,意大利,24938,2335,1809
2020-03-16,牙买加,8,0,0
2020-03-16,约旦,16,1,0
2020-03-16,日本,835,157,28
2020-03-16,肯尼亚,3,0,0
2020-03-16,柬埔寨,12,1,0
2020-03-16,韩国,8236,1173,77
2020-03-16,科威特,112,9,0
2020-03-16,开曼群岛,1,0,1
2020-03-16,哈萨克斯坦,8,0,0
2020-03-16,黎巴嫩,110,1,3
2020-03-16,列支敦士登,4,0,0
2020-03-16,斯里兰卡,23,1,0
2020-03-16,利比里亚,1,0,0
2020-03-16,立陶宛,12,0,0
2020-03-16,卢森堡,81,0,1
2020-03-16,拉脱维亚,30,1,0
2020-03-16,摩洛哥,28,1,1
2020-03-16,摩纳哥,7,0,0
2020-03-16,摩尔多瓦,23,0,0
2020-03-16,北马其顿,18,0,0
2020-03-16,马提尼克,10,0,0
2020-03-16,马耳他,21,1,0
2020-03-16,马尔代夫,13,0,0
2020-03-16,墨西哥,53,4,1
2020-03-16,马来西亚,553,35,0
2020-03-16,尼日利亚,2,0,0
2020-03-16,荷兰,1413,0,24
2020-03-16,挪威,1282,1,3
2020-03-16,尼泊尔,1,1,0
2020-03-16,新西兰,8,0,0
2020-03-16,阿曼,22,9,0
2020-03-16,巴拿马,43,0,1
2020-03-16,秘鲁,71,0,0
2020-03-16,法属波利尼西亚,1,0,0
2020-03-16,菲律宾,142,2,12
2020-03-16,巴基斯坦,137,3,0
2020-03-16,波兰,150,13,3
2020-03-16,波多黎各,3,0,0
2020-03-16,巴勒斯坦,38,0,0
2020-03-16,葡萄牙,331,0,0
2020-03-16,巴拉圭,8,0,0
2020-03-16,卡塔尔,401,4,0
2020-03-16,留尼汪,7,0,0
2020-03-16,罗马尼亚,158,9,0
2020-03-16,塞尔维亚,55,0,0
2020-03-16,俄罗斯,93,8,0
2020-03-16,卢旺达,5,0,0
2020-03-16,沙特阿拉伯,118,3,0
2020-03-16,塞舌尔,2,0,0
2020-03-16,苏丹,1,0,1
2020-03-16,瑞典,1040,1,3
2020-03-16,新加坡,243,105,0
2020-03-16,斯洛文尼亚,219,0,1
2020-03-16,斯洛伐克,61,0,0
2020-03-16,圣马力诺,98,2,7
2020-03-16,塞内加尔,24,2,0
2020-03-16,索马里,1,0,0
2020-03-16,苏里南,1,0,0
2020-03-16,斯威士兰,1,0,0
2020-03-16,多哥,1,0,0
2020-03-16,泰国,147,37,1
2020-03-16,突尼斯,20,0,0
2020-03-16,土耳其,18,0,0
2020-03-16,特立尼达和多巴哥,1,0,0
2020-03-16,坦桑尼亚,1,0,0
2020-03-16,乌克兰,5,0,1
2020-03-16,美国,3782,56,69
2020-03-16,乌拉圭,6,0,0
2020-03-16,乌兹别克斯坦,4,0,0
2020-03-16,梵蒂冈,1,0,0
2020-03-16,圣文森特和格林纳丁斯,1,0,0
2020-03-16,委内瑞拉,17,0,0
2020-03-16,越南,60,16,0
2020-03-16,马约特,1,0,0
2020-03-16,南非,62,1,0
2020-03-16,纳米比亚,2,0,0
2020-03-17,钻石号邮轮,712,458,7
2020-03-17,波黑,25,2,0
2020-03-17,蒙古,5,0,0
2020-03-17,泽西岛,2,0,0
2020-03-17,格恩西岛,1,0,0
2020-03-17,毛利塔尼亚,1,0,0
2020-03-17,荷属安的列斯,1,0,0
2020-03-17,安道尔,15,1,0
2020-03-17,阿联酋,98,26,0
2020-03-17,阿富汗,22,0,0
2020-03-17,安提瓜和巴布达,1,0,0
2020-03-17,阿尔巴尼亚,51,0,1
2020-03-17,亚美尼亚,64,1,0
2020-03-17,阿根廷,65,1,2
2020-03-17,奥地利,1132,8,3
2020-03-17,澳大利亚,452,27,6
2020-03-17,阿鲁巴,2,0,0
2020-03-17,阿塞拜疆,28,6,1
2020-03-17,孟加拉,8,2,0
2020-03-17,比利时,1243,1,10
2020-03-17,布基纳法索,15,0,0
2020-03-17,保加利亚,67,0,2
2020-03-17,巴林,237,81,1
2020-03-17,贝宁,1,0,0
2020-03-17,文莱,56,0,0
2020-03-17,玻利维亚,11,0,0
2020-03-17,巴西,234,2,0
2020-03-17,巴哈马,1,0,0
2020-03-17,不丹,1,0,0
2020-03-17,白俄罗斯,36,3,0
2020-03-17,加拿大,439,11,4
2020-03-17,刚果（金）,3,0,0
2020-03-17,中非,1,0,0
2020-03-17,刚果（布）,1,0,0
2020-03-17,瑞士,2330,4,21
2020-03-17,科特迪瓦,6,1,0
2020-03-17,智利,156,0,0
2020-03-17,喀麦隆,10,2,0
2020-03-17,中国,81139,68824,3231
2020-03-17,哥伦比亚,57,1,0
2020-03-17,哥斯达黎加,41,0,0
2020-03-17,古巴,4,0,0
2020-03-17,塞浦路斯,46,0,0
2020-03-17,捷克,383,3,0
2020-03-17,德国,7689,67,20
2020-03-17,丹麦,1007,1,4
2020-03-17,多米尼加,21,0,1
2020-03-17,阿尔及利亚,60,12,4
2020-03-17,厄瓜多尔,58,0,2
2020-03-17,爱沙尼亚,225,1,0
2020-03-17,埃及,166,32,4
2020-03-17,西班牙,11309,1028,509
2020-03-17,埃塞俄比亚,5,0,0
2020-03-17,芬兰,294,10,0
2020-03-17,法罗群岛,9,0,0
2020-03-17,法国,6664,12,148
2020-03-17,加蓬,1,0,0
2020-03-17,英国,1950,53,56
2020-03-17,格鲁吉亚,34,1,0
2020-03-17,法属圭亚那,11,0,0
2020-03-17,加纳,6,0,0
2020-03-17,直布罗陀,1,0,0
2020-03-17,格陵兰,1,0,0
2020-03-17,几内亚,1,0,0
2020-03-17,瓜德罗普,6,0,0
2020-03-17,赤道几内亚,1,0,0
2020-03-17,希腊,352,10,4
2020-03-17,危地马拉,2,0,1
2020-03-17,圭亚那,11,0,1
2020-03-17,洪都拉斯,2,0,0
2020-03-17,克罗地亚,65,4,0
2020-03-17,匈牙利,50,2,1
2020-03-17,印度尼西亚,172,8,5
2020-03-17,爱尔兰,223,5,2
2020-03-17,以色列,344,4,0
2020-03-17,印度,137,13,3
2020-03-17,伊拉克,154,41,11
2020-03-17,伊朗,16169,5389,988
2020-03-17,冰岛,180,1,0
2020-03-17,意大利,27980,2749,2158
2020-03-17,牙买加,15,2,0
2020-03-17,约旦,34,1,0
2020-03-17,日本,880,157,29
2020-03-17,肯尼亚,4,0,0
2020-03-17,柬埔寨,25,1,0
2020-03-17,韩国,8320,1407,83
2020-03-17,科威特,130,12,0
2020-03-17,开曼群岛,1,0,1
2020-03-17,哈萨克斯坦,32,0,0
2020-03-17,黎巴嫩,120,3,3
2020-03-17,列支敦士登,7,0,0
2020-03-17,斯里兰卡,44,1,0
2020-03-17,利比里亚,2,0,0
2020-03-17,立陶宛,17,0,0
2020-03-17,卢森堡,94,0,1
2020-03-17,拉脱维亚,49,1,0
2020-03-17,摩洛哥,38,1,2
2020-03-17,摩纳哥,7,0,0
2020-03-17,摩尔多瓦,29,1,0
2020-03-17,北马其顿,18,0,0
2020-03-17,马提尼克,16,0,0
2020-03-17,马耳他,30,2,0
2020-03-17,马尔代夫,13,0,0
2020-03-17,墨西哥,82,4,1
2020-03-17,马来西亚,673,49,2
2020-03-17,尼日利亚,3,0,0
2020-03-17,荷兰,1705,2,43
2020-03-17,挪威,1360,1,3
2020-03-17,尼泊尔,1,1,0
2020-03-17,新西兰,11,0,0
2020-03-17,阿曼,24,12,0
2020-03-17,巴拿马,69,0,1
2020-03-17,秘鲁,86,1,0
2020-03-17,法属波利尼西亚,1,0,0
2020-03-17,菲律宾,187,5,14
2020-03-17,巴基斯坦,193,8,5
2020-03-17,波兰,205,13,5
2020-03-17,波多黎各,3,0,0
2020-03-17,巴勒斯坦,38,0,0
2020-03-17,葡萄牙,448,3,1
2020-03-17,巴拉圭,8,0,0
2020-03-17,卡塔尔,439,4,0
2020-03-17,留尼汪,9,0,0
2020-03-17,罗马尼亚,184,16,0
2020-03-17,塞尔维亚,65,0,0
2020-03-17,俄罗斯,93,8,0
2020-03-17,卢旺达,7,0,0
2020-03-17,沙特阿拉伯,133,6,0
2020-03-17,塞舌尔,4,0,0
2020-03-17,苏丹,1,0,1
2020-03-17,瑞典,1121,1,7
2020-03-17,新加坡,266,109,0
2020-03-17,斯洛文尼亚,253,0,1
2020-03-17,斯洛伐克,72,0,0
2020-03-17,圣马力诺,109,4,7
2020-03-17,塞内加尔,27,2,0
2020-03-17,索马里,1,0,0
2020-03-17,苏里南,1,0,0
2020-03-17,斯威士兰,1,0,0
2020-03-17,多哥,1,0,0
2020-03-17,泰国,177,41,1
2020-03-17,突尼斯,20,0,0
2020-03-17,土耳其,47,0,0
2020-03-17,特立尼达和多巴哥,2,0,0
2020-03-17,坦桑尼亚,1,0,0
2020-03-17,乌克兰,7,0,1
2020-03-17,美国,5073,56,90
2020-03-17,乌拉圭,29,0,0
2020-03-17,乌兹别克斯坦,10,0,0
2020-03-17,梵蒂冈,1,0,0
2020-03-17,圣文森特和格林纳丁斯,1,0,0
2020-03-17,委内瑞拉,33,0,0
2020-03-17,越南,66,16,0
2020-03-17,马约特,1,0,0
2020-03-17,南非,62,1,0
2020-03-17,纳米比亚,2,0,0
2020-03-18,钻石号邮轮,712,508,7
2020-03-18,波黑,26,2,0
2020-03-18,蒙古,6,0,0
2020-03-18,荷属安的列斯,3,0,0
2020-03-18,泽西岛,2,0,0
2020-03-18,格恩西岛,1,0,0
2020-03-18,毛利塔尼亚,1,0,0
2020-03-18,安道尔,39,1,0
2020-03-18,阿联酋,113,26,0
2020-03-18,阿富汗,22,0,0
2020-03-18,安提瓜和巴布达,1,0,0
2020-03-18,阿尔巴尼亚,55,0,1
2020-03-18,亚美尼亚,78,1,0
2020-03-18,阿根廷,79,3,2
2020-03-18,奥地利,1471,9,3
2020-03-18,澳大利亚,565,27,6
2020-03-18,阿鲁巴,2,0,0
2020-03-18,阿塞拜疆,28,6,1
2020-03-18,巴巴多斯,2,0,0
2020-03-18,孟加拉,8,2,1
2020-03-18,比利时,1486,1,10
2020-03-18,布基纳法索,20,0,1
2020-03-18,保加利亚,81,0,2
2020-03-18,巴林,237,81,1
2020-03-18,贝宁,1,0,0
2020-03-18,文莱,68,0,0
2020-03-18,玻利维亚,11,0,0
2020-03-18,巴西,349,2,1
2020-03-18,巴哈马,1,0,0
2020-03-18,不丹,1,0,0
2020-03-18,白俄罗斯,51,3,0
2020-03-18,加拿大,598,11,8
2020-03-18,刚果（金）,7,0,0
2020-03-18,中非,1,0,0
2020-03-18,刚果（布）,1,0,0
2020-03-18,瑞士,3028,4,27
2020-03-18,科特迪瓦,6,1,0
2020-03-18,智利,201,0,0
2020-03-18,喀麦隆,10,2,0
2020-03-18,中国,81202,69800,3242
2020-03-18,哥伦比亚,75,1,0
2020-03-18,哥斯达黎加,41,0,0
2020-03-18,古巴,5,0,0
2020-03-18,塞浦路斯,48,0,0
2020-03-18,捷克,464,3,0
2020-03-18,德国,10082,73,27
2020-03-18,吉布提,1,0,0
2020-03-18,丹麦,1092,1,4
2020-03-18,多米尼加,21,0,1
2020-03-18,阿尔及利亚,72,12,5
2020-03-18,厄瓜多尔,111,0,2
2020-03-18,爱沙尼亚,258,1,0
2020-03-18,埃及,196,32,6
2020-03-18,西班牙,13910,1081,623
2020-03-18,埃塞俄比亚,6,0,0
2020-03-18,芬兰,359,10,0
2020-03-18,法罗群岛,47,0,0
2020-03-18,法国,7730,602,175
2020-03-18,加蓬,3,0,0
2020-03-18,英国,2626,53,71
2020-03-18,格鲁吉亚,38,1,0
2020-03-18,法属圭亚那,11,0,0
2020-03-18,加纳,7,0,0
2020-03-18,直布罗陀,3,0,0
2020-03-18,格陵兰,1,0,0
2020-03-18,冈比亚,1,0,0
2020-03-18,几内亚,1,0,0
2020-03-18,瓜德罗普,18,0,0
2020-03-18,赤道几内亚,3,0,0
2020-03-18,希腊,387,14,5
2020-03-18,危地马拉,2,0,1
2020-03-18,关岛,3,0,0
2020-03-18,圭亚那,7,0,1
2020-03-18,洪都拉斯,9,0,0
2020-03-18,克罗地亚,65,4,0
2020-03-18,匈牙利,58,2,1
2020-03-18,印度尼西亚,227,8,19
2020-03-18,爱尔兰,292,5,2
2020-03-18,以色列,427,11,0
2020-03-18,印度,152,14,3
2020-03-18,伊拉克,154,41,11
2020-03-18,伊朗,17361,5710,1135
2020-03-18,冰岛,220,1,0
2020-03-18,意大利,31506,2941,2503
2020-03-18,牙买加,15,2,0
2020-03-18,约旦,48,1,0
2020-03-18,日本,919,171,31
2020-03-18,肯尼亚,7,0,0
2020-03-18,吉尔吉斯斯坦,3,0,0
2020-03-18,柬埔寨,35,1,0
2020-03-18,韩国,8413,1540,91
2020-03-18,科威特,142,15,0
2020-03-18,开曼群岛,1,0,1
2020-03-18,哈萨克斯坦,35,0,0
2020-03-18,黎巴嫩,120,3,3
2020-03-18,圣卢西亚,2,0,0
2020-03-18,列支敦士登,7,0,0
2020-03-18,斯里兰卡,50,1,0
2020-03-18,利比里亚,2,0,0
2020-03-18,立陶宛,25,1,0
2020-03-18,卢森堡,203,0,2
2020-03-18,拉脱维亚,49,1,0
2020-03-18,摩洛哥,44,1,2
2020-03-18,摩纳哥,7,0,0
2020-03-18,摩尔多瓦,30,1,1
2020-03-18,黑山,2,0,0
2020-03-18,北马其顿,31,0,0
2020-03-18,马提尼克,16,0,0
2020-03-18,马耳他,38,2,0
2020-03-18,马尔代夫,13,0,0
2020-03-18,墨西哥,93,4,1
2020-03-18,马来西亚,790,49,2
2020-03-18,尼日利亚,8,0,0
2020-03-18,荷兰,2058,2,43
2020-03-18,挪威,1527,1,3
2020-03-18,尼泊尔,1,1,0
2020-03-18,新西兰,20,0,0
2020-03-18,阿曼,33,12,0
2020-03-18,巴拿马,86,0,1
2020-03-18,秘鲁,117,1,0
2020-03-18,法属波利尼西亚,1,0,0
2020-03-18,菲律宾,202,5,17
2020-03-18,巴基斯坦,236,8,5
2020-03-18,波兰,246,13,5
2020-03-18,波多黎各,3,0,0
2020-03-18,巴勒斯坦,41,0,0
2020-03-18,葡萄牙,642,3,1
2020-03-18,巴拉圭,9,0,0
2020-03-18,卡塔尔,439,4,0
2020-03-18,留尼汪,9,0,0
2020-03-18,罗马尼亚,184,16,0
2020-03-18,塞尔维亚,83,0,0
2020-03-18,俄罗斯,147,8,0
2020-03-18,卢旺达,7,0,0
2020-03-18,沙特阿拉伯,171,6,0
2020-03-18,塞舌尔,4,0,0
2020-03-18,苏丹,2,0,1
2020-03-18,瑞典,1196,1,8
2020-03-18,新加坡,313,114,0
2020-03-18,斯洛文尼亚,275,0,1
2020-03-18,斯洛伐克,97,0,0
2020-03-18,圣马力诺,109,4,7
2020-03-18,塞内加尔,31,2,0
2020-03-18,索马里,1,0,0
2020-03-18,苏里南,1,0,0
2020-03-18,斯威士兰,1,0,0
2020-03-18,多哥,1,0,0
2020-03-18,泰国,212,41,1
2020-03-18,突尼斯,24,0,0
2020-03-18,土耳其,98,0,1
2020-03-18,特立尼达和多巴哥,5,0,0
2020-03-18,坦桑尼亚,1,0,0
2020-03-18,乌克兰,14,0,2
2020-03-18,美国,6536,106,116
2020-03-18,乌拉圭,50,0,0
2020-03-18,乌兹别克斯坦,15,0,0
2020-03-18,梵蒂冈,1,0,0
2020-03-18,圣文森特和格林纳丁斯,1,0,0
2020-03-18,委内瑞拉,33,0,0
2020-03-18,美属维尔京群岛,2,0,0
2020-03-18,越南,68,16,0
2020-03-18,马约特,1,0,0
2020-03-18,南非,116,1,0
2020-03-18,赞比亚,2,0,0
2020-03-18,纳米比亚,2,0,0
2020-03-19,钻石号邮轮,712,508,7
2020-03-19,波黑,45,2,0
2020-03-19,蒙古,6,0,0
2020-03-19,荷属安的列斯,3,0,0
2020-03-19,泽西岛,2,0,0
2020-03-19,格恩西岛,1,0,0
2020-03-19,毛利塔尼亚,1,0,0
2020-03-19,安道尔,54,1,0
2020-03-19,阿联酋,140,31,0
2020-03-19,阿富汗,22,0,0
2020-03-19,安提瓜和巴布达,1,0,0
2020-03-19,阿尔巴尼亚,64,0,2
2020-03-19,亚美尼亚,122,1,0
2020-03-19,阿根廷,97,3,2
2020-03-19,奥地利,1843,9,5
2020-03-19,澳大利亚,681,27,6
2020-03-19,阿鲁巴,4,0,0
2020-03-19,阿塞拜疆,34,6,1
2020-03-19,巴巴多斯,2,0,0
2020-03-19,孟加拉,17,3,1
2020-03-19,比利时,1795,31,21
2020-03-19,布基纳法索,33,0,1
2020-03-19,保加利亚,94,3,0
2020-03-19,巴林,269,100,1
2020-03-19,贝宁,2,0,0
2020-03-19,文莱,75,0,0
2020-03-19,玻利维亚,11,0,0
2020-03-19,巴西,529,150,29
2020-03-19,巴哈马,1,0,0
2020-03-19,不丹,1,0,0
2020-03-19,白俄罗斯,51,3,0
2020-03-19,加拿大,727,11,9
2020-03-19,刚果（金）,14,0,0
2020-03-19,中非,1,0,0
2020-03-19,刚果（布）,3,0,0
2020-03-19,瑞士,3438,15,33
2020-03-19,科特迪瓦,9,1,0
2020-03-19,智利,238,0,0
2020-03-19,喀麦隆,13,2,0
2020-03-19,中国,81300,71284,3253
2020-03-19,哥伦比亚,102,1,0
2020-03-19,哥斯达黎加,69,0,1
2020-03-19,古巴,10,0,1
2020-03-19,塞浦路斯,58,0,0
2020-03-19,捷克,572,3,0
2020-03-19,德国,14259,113,43
2020-03-19,吉布提,1,0,0
2020-03-19,丹麦,1206,1,6
2020-03-19,多米尼加,34,0,1
2020-03-19,阿尔及利亚,82,32,8
2020-03-19,厄瓜多尔,168,0,2
2020-03-19,爱沙尼亚,258,1,0
2020-03-19,埃及,210,32,6
2020-03-19,西班牙,17147,1081,767
2020-03-19,埃塞俄比亚,6,0,0
2020-03-19,芬兰,359,10,0
2020-03-19,斐济,1,0,0
2020-03-19,法罗群岛,47,0,0
2020-03-19,法国,9134,602,264
2020-03-19,加蓬,3,0,0
2020-03-19,英国,2644,67,103
2020-03-19,格鲁吉亚,40,1,0
2020-03-19,法属圭亚那,11,0,0
2020-03-19,加纳,9,0,0
2020-03-19,直布罗陀,3,0,0
2020-03-19,格陵兰,1,0,0
2020-03-19,冈比亚,1,0,0
2020-03-19,几内亚,1,0,0
2020-03-19,瓜德罗普,33,0,0
2020-03-19,赤道几内亚,4,0,0
2020-03-19,希腊,418,14,5
2020-03-19,危地马拉,2,0,1
2020-03-19,关岛,5,0,0
2020-03-19,圭亚那,7,0,1
2020-03-19,洪都拉斯,9,0,0
2020-03-19,克罗地亚,102,5,0
2020-03-19,匈牙利,73,2,1
2020-03-19,印度尼西亚,311,15,25
2020-03-19,爱尔兰,366,5,2
2020-03-19,以色列,529,12,0
2020-03-19,印度,176,14,4
2020-03-19,伊拉克,177,49,12
2020-03-19,伊朗,18407,5979,1284
2020-03-19,冰岛,250,5,1
2020-03-19,意大利,36455,4025,2978
2020-03-19,牙买加,15,2,0
2020-03-19,约旦,57,1,0
2020-03-19,日本,956,215,33
2020-03-19,肯尼亚,7,0,0
2020-03-19,吉尔吉斯斯坦,3,0,0
2020-03-19,柬埔寨,37,1,0
2020-03-19,韩国,8565,1947,93
2020-03-19,科威特,148,18,0
2020-03-19,开曼群岛,1,0,1
2020-03-19,哈萨克斯坦,44,0,0
2020-03-19,黎巴嫩,149,4,4
2020-03-19,圣卢西亚,2,0,0
2020-03-19,列支敦士登,28,0,0
2020-03-19,斯里兰卡,57,3,0
2020-03-19,利比里亚,2,0,0
2020-03-19,立陶宛,34,1,0
2020-03-19,卢森堡,335,0,4
2020-03-19,拉脱维亚,86,1,0
2020-03-19,摩洛哥,58,1,2
2020-03-19,摩纳哥,7,0,0
2020-03-19,摩尔多瓦,36,1,1
2020-03-19,黑山,2,0,0
2020-03-19,北马其顿,42,0,0
2020-03-19,马提尼克,23,0,0
2020-03-19,马耳他,53,2,0
2020-03-19,毛里求斯,3,0,0
2020-03-19,马尔代夫,13,0,0
2020-03-19,墨西哥,118,4,1
2020-03-19,马来西亚,900,75,2
2020-03-19,尼日利亚,12,0,0
2020-03-19,荷兰,2460,2,76
2020-03-19,挪威,1601,1,6
2020-03-19,尼泊尔,1,1,0
2020-03-19,新西兰,28,0,0
2020-03-19,阿曼,39,13,0
2020-03-19,巴拿马,109,0,1
2020-03-19,秘鲁,155,1,0
2020-03-19,法属波利尼西亚,1,0,0
2020-03-19,菲律宾,217,8,17
2020-03-19,巴基斯坦,331,13,5
2020-03-19,波兰,305,13,5
2020-03-19,波多黎各,5,0,0
2020-03-19,巴勒斯坦,44,0,0
2020-03-19,葡萄牙,785,19,2
2020-03-19,巴拉圭,11,0,0
2020-03-19,卡塔尔,452,4,0
2020-03-19,留尼汪,12,0,0
2020-03-19,罗马尼亚,260,19,0
2020-03-19,塞尔维亚,97,1,0
2020-03-19,俄罗斯,199,8,1
2020-03-19,卢旺达,8,0,0
2020-03-19,沙特阿拉伯,238,6,0
2020-03-19,塞舌尔,6,0,0
2020-03-19,苏丹,2,0,1
2020-03-19,瑞典,1301,16,10
2020-03-19,新加坡,345,114,0
2020-03-19,斯洛文尼亚,286,0,1
2020-03-19,斯洛伐克,105,0,1
2020-03-19,圣马力诺,119,4,11
2020-03-19,塞内加尔,36,2,0
2020-03-19,索马里,1,0,0
2020-03-19,苏里南,1,0,0
2020-03-19,萨尔瓦多,1,0,0
2020-03-19,斯威士兰,1,0,0
2020-03-19,多哥,1,0,0
2020-03-19,泰国,272,42,1
2020-03-19,突尼斯,39,0,0
2020-03-19,土耳其,191,0,2
2020-03-19,特立尼达和多巴哥,7,0,0
2020-03-19,坦桑尼亚,6,0,0
2020-03-19,乌克兰,16,0,2
2020-03-19,美国,10525,108,153
2020-03-19,乌拉圭,79,0,0
2020-03-19,乌兹别克斯坦,23,0,0
2020-03-19,梵蒂冈,1,0,0
2020-03-19,圣文森特和格林纳丁斯,1,0,0
2020-03-19,委内瑞拉,36,0,0
2020-03-19,美属维尔京群岛,2,0,0
2020-03-19,越南,76,16,0
2020-03-19,马约特,3,0,0
2020-03-19,南非,150,1,0
2020-03-19,赞比亚,2,0,0
2020-03-19,纳米比亚,2,0,0
2020-03-20,钻石号邮轮,712,551,7
2020-03-20,波黑,64,2,0
2020-03-20,蒙古,6,0,0
2020-03-20,荷属安的列斯,3,0,0
2020-03-20,泽西岛,2,0,0
2020-03-20,格恩西岛,1,0,0
2020-03-20,毛利塔尼亚,1,0,0
2020-03-20,安道尔,75,1,0
2020-03-20,阿联酋,140,31,0
2020-03-20,阿富汗,24,0,0
2020-03-20,安提瓜和巴布达,1,0,0
2020-03-20,阿尔巴尼亚,64,0,2
2020-03-20,亚美尼亚,136,1,0
2020-03-20,阿根廷,128,3,3
2020-03-20,奥地利,2203,9,6
2020-03-20,澳大利亚,877,27,7
2020-03-20,阿鲁巴,4,0,0
2020-03-20,阿塞拜疆,44,6,1
2020-03-20,巴巴多斯,5,0,0
2020-03-20,孟加拉,17,3,1
2020-03-20,比利时,2257,214,37
2020-03-20,布基纳法索,40,0,1
2020-03-20,保加利亚,112,1,3
2020-03-20,巴林,285,100,1
2020-03-20,贝宁,2,0,0
2020-03-20,文莱,78,0,0
2020-03-20,玻利维亚,16,0,0
2020-03-20,巴西,647,150,29
2020-03-20,巴哈马,1,0,0
2020-03-20,不丹,1,0,0
2020-03-20,白俄罗斯,69,15,0
2020-03-20,加拿大,873,11,12
2020-03-20,刚果（金）,18,0,0
2020-03-20,中非,1,0,0
2020-03-20,刚果（布）,3,0,0
2020-03-20,瑞士,4164,15,43
2020-03-20,科特迪瓦,9,1,0
2020-03-20,智利,342,0,0
2020-03-20,喀麦隆,21,2,0
2020-03-20,中国,81416,71876,3261
2020-03-20,哥伦比亚,128,1,0
2020-03-20,哥斯达黎加,87,0,1
2020-03-20,古巴,16,0,1
2020-03-20,塞浦路斯,67,0,0
2020-03-20,捷克,765,3,0
2020-03-20,德国,17653,192,48
2020-03-20,吉布提,1,0,0
2020-03-20,丹麦,1226,1,9
2020-03-20,多米尼加,34,0,1
2020-03-20,阿尔及利亚,90,32,10
2020-03-20,厄瓜多尔,260,0,3
2020-03-20,爱沙尼亚,267,1,0
2020-03-20,埃及,256,32,7
2020-03-20,西班牙,20410,1588,1041
2020-03-20,埃塞俄比亚,9,0,0
2020-03-20,芬兰,400,10,0
2020-03-20,斐济,1,0,0
2020-03-20,法罗群岛,47,0,0
2020-03-20,法国,11010,1300,372
2020-03-20,加蓬,3,0,0
2020-03-20,英国,3280,79,144
2020-03-20,格鲁吉亚,43,1,0
2020-03-20,法属圭亚那,11,0,0
2020-03-20,加纳,16,0,0
2020-03-20,直布罗陀,3,0,0
2020-03-20,格陵兰,1,0,0
2020-03-20,冈比亚,1,0,0
2020-03-20,几内亚,2,0,0
2020-03-20,瓜德罗普,33,0,0
2020-03-20,赤道几内亚,6,0,0
2020-03-20,希腊,464,19,6
2020-03-20,危地马拉,9,0,1
2020-03-20,关岛,5,0,0
2020-03-20,圭亚那,7,0,1
2020-03-20,洪都拉斯,24,0,0
2020-03-20,克罗地亚,113,5,1
2020-03-20,海地,2,0,0
2020-03-20,匈牙利,85,2,1
2020-03-20,印度尼西亚,369,17,32
2020-03-20,爱尔兰,557,5,3
2020-03-20,以色列,705,15,0
2020-03-20,印度,223,23,5
2020-03-20,伊拉克,192,49,13
2020-03-20,伊朗,19644,5979,1433
2020-03-20,冰岛,330,5,1
2020-03-20,意大利,41035,4440,3405
2020-03-20,牙买加,16,2,1
2020-03-20,约旦,70,1,0
2020-03-20,日本,1016,215,35
2020-03-20,肯尼亚,7,0,0
2020-03-20,吉尔吉斯斯坦,3,0,0
2020-03-20,柬埔寨,47,1,0
2020-03-20,韩国,8652,2233,100
2020-03-20,科威特,159,22,0
2020-03-20,开曼群岛,1,0,1
2020-03-20,哈萨克斯坦,49,0,0
2020-03-20,黎巴嫩,163,4,4
2020-03-20,圣卢西亚,2,0,0
2020-03-20,列支敦士登,28,0,0
2020-03-20,斯里兰卡,71,3,0
2020-03-20,利比里亚,2,0,0
2020-03-20,立陶宛,41,1,0
2020-03-20,卢森堡,484,0,4
2020-03-20,拉脱维亚,86,1,0
2020-03-20,摩洛哥,66,1,2
2020-03-20,摩纳哥,11,0,0
2020-03-20,摩尔多瓦,49,1,1
2020-03-20,黑山,10,0,0
2020-03-20,北马其顿,67,1,0
2020-03-20,马提尼克,32,0,0
2020-03-20,蒙特塞拉特,1,0,0
2020-03-20,马耳他,53,2,0
2020-03-20,毛里求斯,3,0,0
2020-03-20,马尔代夫,13,0,0
2020-03-20,墨西哥,164,4,1
2020-03-20,马来西亚,1030,87,2
2020-03-20,尼日尔,1,0,0
2020-03-20,尼日利亚,12,0,0
2020-03-20,荷兰,3003,2,107
2020-03-20,挪威,1794,1,7
2020-03-20,尼泊尔,1,1,0
2020-03-20,新西兰,39,0,0
2020-03-20,阿曼,48,13,0
2020-03-20,巴拿马,137,0,1
2020-03-20,秘鲁,234,1,1
2020-03-20,法属波利尼西亚,1,0,0
2020-03-20,菲律宾,230,8,18
2020-03-20,巴基斯坦,454,13,5
2020-03-20,波兰,355,13,5
2020-03-20,波多黎各,5,0,0
2020-03-20,巴勒斯坦,47,0,0
2020-03-20,葡萄牙,1020,19,3
2020-03-20,巴拉圭,11,0,0
2020-03-20,卡塔尔,460,4,0
2020-03-20,留尼汪,14,0,0
2020-03-20,罗马尼亚,308,31,0
2020-03-20,塞尔维亚,118,1,0
2020-03-20,俄罗斯,253,9,1
2020-03-20,卢旺达,8,0,0
2020-03-20,沙特阿拉伯,274,8,0
2020-03-20,塞舌尔,6,0,0
2020-03-20,苏丹,2,0,1
2020-03-20,瑞典,1439,16,11
2020-03-20,新加坡,385,124,0
2020-03-20,斯洛文尼亚,341,0,1
2020-03-20,斯洛伐克,123,0,0
2020-03-20,圣马力诺,144,4,14
2020-03-20,塞内加尔,38,2,0
2020-03-20,索马里,1,0,0
2020-03-20,苏里南,2,0,0
2020-03-20,萨尔瓦多,1,0,0
2020-03-20,斯威士兰,1,0,0
2020-03-20,乍得,1,0,0
2020-03-20,多哥,9,0,0
2020-03-20,泰国,322,42,1
2020-03-20,突尼斯,39,0,0
2020-03-20,土耳其,359,0,4
2020-03-20,特立尼达和多巴哥,9,0,0
2020-03-20,坦桑尼亚,6,0,0
2020-03-20,乌克兰,26,0,3
2020-03-20,美国,14387,121,204
2020-03-20,乌拉圭,94,0,0
2020-03-20,乌兹别克斯坦,33,0,0
2020-03-20,梵蒂冈,1,0,0
2020-03-20,圣文森特和格林纳丁斯,1,0,0
2020-03-20,委内瑞拉,42,0,0
2020-03-20,美属维尔京群岛,2,0,0
2020-03-20,越南,85,16,0
2020-03-20,马约特,3,0,0
2020-03-20,南非,202,1,0
2020-03-20,赞比亚,2,0,0
2020-03-20,纳米比亚,2,0,0
2020-03-21,钻石号邮轮,712,567,7
2020-03-21,波黑,89,2,0
2020-03-21,蒙古,10,0,0
2020-03-21,荷属安的列斯,3,0,0
2020-03-21,泽西岛,2,0,0
2020-03-21,毛利塔尼亚,2,0,0
2020-03-21,格恩西岛,1,0,0
2020-03-21,安道尔,88,1,0
2020-03-21,阿联酋,153,38,2
2020-03-21,阿富汗,24,0,0
2020-03-21,安提瓜和巴布达,1,0,0
2020-03-21,阿尔巴尼亚,70,0,2
2020-03-21,亚美尼亚,160,1,0
2020-03-21,安哥拉,2,0,0
2020-03-21,阿根廷,158,3,3
2020-03-21,奥地利,2814,9,7
2020-03-21,澳大利亚,1071,27,7
2020-03-21,阿鲁巴,4,0,0
2020-03-21,阿塞拜疆,44,6,1
2020-03-21,巴巴多斯,5,0,0
2020-03-21,孟加拉,24,3,2
2020-03-21,比利时,2815,214,67
2020-03-21,布基纳法索,40,4,1
2020-03-21,保加利亚,142,1,3
2020-03-21,巴林,298,125,1
2020-03-21,贝宁,2,0,0
2020-03-21,文莱,83,2,0
2020-03-21,玻利维亚,16,0,0
2020-03-21,巴西,977,150,11
2020-03-21,巴哈马,4,0,0
2020-03-21,不丹,2,0,0
2020-03-21,白俄罗斯,69,15,0
2020-03-21,加拿大,1146,11,12
2020-03-21,刚果（金）,23,0,1
2020-03-21,中非,3,0,0
2020-03-21,刚果（布）,3,0,0
2020-03-21,瑞士,6113,15,56
2020-03-21,科特迪瓦,14,1,0
2020-03-21,智利,434,6,0
2020-03-21,喀麦隆,27,2,0
2020-03-21,中国,81498,72382,3267
2020-03-21,哥伦比亚,158,1,0
2020-03-21,哥斯达黎加,113,0,2
2020-03-21,古巴,21,0,1
2020-03-21,塞浦路斯,75,0,0
2020-03-21,捷克,925,4,0
2020-03-21,德国,21652,209,73
2020-03-21,吉布提,1,0,0
2020-03-21,丹麦,1420,1,9
2020-03-21,多米尼加,72,0,2
2020-03-21,阿尔及利亚,102,32,9
2020-03-21,厄瓜多尔,426,3,7
2020-03-21,爱沙尼亚,306,1,0
2020-03-21,埃及,285,39,8
2020-03-21,西班牙,25374,1588,1326
2020-03-21,埃塞俄比亚,9,0,0
2020-03-21,芬兰,521,10,1
2020-03-21,斐济,1,0,0
2020-03-21,法罗群岛,47,0,0
2020-03-21,法国,12632,1587,450
2020-03-21,加蓬,4,0,0
2020-03-21,英国,4014,79,178
2020-03-21,格鲁吉亚,47,1,0
2020-03-21,法属圭亚那,15,0,0
2020-03-21,加纳,19,0,0
2020-03-21,直布罗陀,3,0,0
2020-03-21,格陵兰,1,0,0
2020-03-21,冈比亚,1,0,0
2020-03-21,几内亚,2,0,0
2020-03-21,瓜德罗普,45,0,0
2020-03-21,赤道几内亚,6,0,0
2020-03-21,希腊,495,19,8
2020-03-21,危地马拉,12,0,1
2020-03-21,关岛,5,0,0
2020-03-21,圭亚那,7,0,1
2020-03-21,洪都拉斯,24,0,0
2020-03-21,克罗地亚,168,5,1
2020-03-21,海地,2,0,0
2020-03-21,匈牙利,103,7,4
2020-03-21,印度尼西亚,450,17,38
2020-03-21,爱尔兰,683,5,3
2020-03-21,以色列,883,15,1
2020-03-21,印度,294,23,5
2020-03-21,伊拉克,208,50,17
2020-03-21,伊朗,20610,7635,1556
2020-03-21,冰岛,473,5,0
2020-03-21,意大利,47449,5129,4032
2020-03-21,牙买加,19,2,1
2020-03-21,约旦,86,1,0
2020-03-21,日本,1054,227,36
2020-03-21,肯尼亚,7,0,0
2020-03-21,吉尔吉斯斯坦,12,0,0
2020-03-21,柬埔寨,51,1,0
2020-03-21,韩国,8799,2612,102
2020-03-21,科威特,176,27,0
2020-03-21,开曼群岛,1,0,1
2020-03-21,哈萨克斯坦,53,0,0
2020-03-21,黎巴嫩,206,4,4
2020-03-21,圣卢西亚,2,0,0
2020-03-21,列支敦士登,28,0,0
2020-03-21,斯里兰卡,77,3,0
2020-03-21,利比里亚,3,0,0
2020-03-21,立陶宛,69,1,1
2020-03-21,卢森堡,670,0,8
2020-03-21,拉脱维亚,124,1,0
2020-03-21,摩洛哥,86,2,3
2020-03-21,摩纳哥,12,0,0
2020-03-21,摩尔多瓦,66,1,1
2020-03-21,黑山,14,0,0
2020-03-21,马达加斯加,3,0,0
2020-03-21,北马其顿,76,1,0
2020-03-21,马提尼克,32,0,0
2020-03-21,蒙特塞拉特,1,0,0
2020-03-21,马耳他,64,2,0
2020-03-21,毛里求斯,14,0,1
2020-03-21,马尔代夫,13,0,0
2020-03-21,墨西哥,203,4,1
2020-03-21,马来西亚,1183,114,8
2020-03-21,尼日尔,1,0,0
2020-03-21,尼日利亚,22,0,0
2020-03-21,尼加拉瓜,2,0,0
2020-03-21,荷兰,3631,2,136
2020-03-21,挪威,1994,1,7
2020-03-21,尼泊尔,1,1,0
2020-03-21,新西兰,53,0,0
2020-03-21,阿曼,52,13,0
2020-03-21,巴拿马,200,0,1
2020-03-21,秘鲁,263,1,4
2020-03-21,法属波利尼西亚,1,0,0
2020-03-21,巴布亚新几内亚,1,0,0
2020-03-21,菲律宾,307,13,19
2020-03-21,巴基斯坦,534,13,3
2020-03-21,波兰,439,13,5
2020-03-21,波多黎各,5,0,0
2020-03-21,巴勒斯坦,52,17,0
2020-03-21,葡萄牙,1280,19,12
2020-03-21,巴拉圭,18,0,0
2020-03-21,卡塔尔,470,10,0
2020-03-21,留尼汪,28,0,0
2020-03-21,罗马尼亚,367,31,0
2020-03-21,塞尔维亚,149,1,0
2020-03-21,俄罗斯,306,16,1
2020-03-21,卢旺达,17,0,0
2020-03-21,沙特阿拉伯,392,16,0
2020-03-21,塞舌尔,7,0,0
2020-03-21,苏丹,2,0,1
2020-03-21,瑞典,1763,16,16
2020-03-21,新加坡,432,140,2
2020-03-21,斯洛文尼亚,341,0,1
2020-03-21,斯洛伐克,137,0,0
2020-03-21,圣马力诺,144,4,14
2020-03-21,塞内加尔,47,2,0
2020-03-21,索马里,1,0,0
2020-03-21,苏里南,4,0,0
2020-03-21,萨尔瓦多,1,0,0
2020-03-21,斯威士兰,1,0,0
2020-03-21,乍得,1,0,0
2020-03-21,多哥,16,0,0
2020-03-21,泰国,411,44,1
2020-03-21,东帝汶,1,0,0
2020-03-21,突尼斯,60,0,0
2020-03-21,土耳其,670,0,9
2020-03-21,特立尼达和多巴哥,9,0,0
2020-03-21,坦桑尼亚,6,0,0
2020-03-21,乌克兰,41,0,3
2020-03-21,美国,19624,147,260
2020-03-21,乌拉圭,110,0,0
2020-03-21,乌兹别克斯坦,37,0,0
2020-03-21,梵蒂冈,1,0,0
2020-03-21,圣文森特和格林纳丁斯,1,0,0
2020-03-21,委内瑞拉,65,0,0
2020-03-21,美属维尔京群岛,2,0,0
2020-03-21,越南,94,17,0
2020-03-21,马约特,6,0,0
2020-03-21,南非,240,1,0
2020-03-21,赞比亚,2,0,0
2020-03-21,津巴布韦,2,0,0
2020-03-21,纳米比亚,3,0,0
2020-03-22,钻石号邮轮,712,567,7
2020-03-22,波黑,93,2,1
2020-03-22,蒙古,10,0,0
2020-03-22,荷属安的列斯,3,0,0
2020-03-22,泽西岛,2,0,0
2020-03-22,毛利塔尼亚,2,0,0
2020-03-22,格恩西岛,1,0,0
2020-03-22,安道尔,114,1,1
2020-03-22,阿联酋,153,38,2
2020-03-22,阿富汗,34,0,0
2020-03-22,安提瓜和巴布达,1,0,0
2020-03-22,阿尔巴尼亚,89,0,2
2020-03-22,亚美尼亚,190,2,0
2020-03-22,安哥拉,2,0,0
2020-03-22,阿根廷,225,3,4
2020-03-22,奥地利,3062,9,9
2020-03-22,澳大利亚,1356,43,7
2020-03-22,阿鲁巴,4,0,0
2020-03-22,阿塞拜疆,65,6,1
2020-03-22,巴巴多斯,5,0,0
2020-03-22,孟加拉,27,3,2
2020-03-22,比利时,3401,263,75
2020-03-22,布基纳法索,65,4,2
2020-03-22,保加利亚,171,3,3
2020-03-22,巴林,333,149,1
2020-03-22,贝宁,2,0,0
2020-03-22,文莱,88,2,0
2020-03-22,玻利维亚,20,0,0
2020-03-22,巴西,1201,150,18
2020-03-22,巴哈马,4,0,0
2020-03-22,不丹,2,0,0
2020-03-22,白俄罗斯,76,15,0
2020-03-22,加拿大,1377,11,19
2020-03-22,刚果（金）,23,0,1
2020-03-22,中非,3,0,0
2020-03-22,刚果（布）,4,0,0
2020-03-22,瑞士,7014,131,80
2020-03-22,科特迪瓦,14,1,0
2020-03-22,智利,537,8,1
2020-03-22,喀麦隆,40,2,0
2020-03-22,中国,81600,72841,3276
2020-03-22,哥伦比亚,210,3,1
2020-03-22,哥斯达黎加,117,2,2
2020-03-22,古巴,21,0,1
2020-03-22,塞浦路斯,84,0,1
2020-03-22,捷克,1047,6,0
2020-03-22,德国,23952,266,92
2020-03-22,吉布提,1,0,0
2020-03-22,丹麦,1420,1,13
2020-03-22,多米尼加,112,0,3
2020-03-22,阿尔及利亚,139,32,15
2020-03-22,厄瓜多尔,532,3,7
2020-03-22,爱沙尼亚,326,1,0
2020-03-22,埃及,294,41,10
2020-03-22,厄立特里亚,1,0,0
2020-03-22,西班牙,28603,2575,1724
2020-03-22,埃塞俄比亚,11,0,0
2020-03-22,芬兰,626,10,1
2020-03-22,斐济,1,0,0
2020-03-22,法罗群岛,92,0,0
2020-03-22,法国,14485,1587,562
2020-03-22,加蓬,5,0,1
2020-03-22,英国,5067,93,234
2020-03-22,格鲁吉亚,54,1,0
2020-03-22,法属圭亚那,15,0,0
2020-03-22,加纳,21,0,1
2020-03-22,直布罗陀,3,0,0
2020-03-22,格陵兰,1,0,0
2020-03-22,冈比亚,1,0,0
2020-03-22,几内亚,2,0,0
2020-03-22,瓜德罗普,56,0,1
2020-03-22,赤道几内亚,6,0,0
2020-03-22,希腊,530,19,13
2020-03-22,危地马拉,17,0,1
2020-03-22,关岛,15,0,0
2020-03-22,圭亚那,7,0,1
2020-03-22,洪都拉斯,24,0,0
2020-03-22,克罗地亚,235,5,1
2020-03-22,海地,2,0,0
2020-03-22,匈牙利,131,12,6
2020-03-22,印度尼西亚,514,20,48
2020-03-22,爱尔兰,785,5,3
2020-03-22,以色列,945,36,1
2020-03-22,印度,341,27,5
2020-03-22,伊拉克,214,50,17
2020-03-22,伊朗,21638,7913,1685
2020-03-22,冰岛,568,22,1
2020-03-22,意大利,53578,6072,4825
2020-03-22,牙买加,19,2,1
2020-03-22,约旦,100,1,0
2020-03-22,日本,1101,227,41
2020-03-22,肯尼亚,7,0,0
2020-03-22,吉尔吉斯斯坦,14,0,0
2020-03-22,柬埔寨,53,1,0
2020-03-22,韩国,8897,2909,104
2020-03-22,科威特,188,27,0
2020-03-22,开曼群岛,1,0,1
2020-03-22,哈萨克斯坦,57,0,0
2020-03-22,黎巴嫩,248,8,4
2020-03-22,圣卢西亚,2,0,0
2020-03-22,列支敦士登,44,0,0
2020-03-22,斯里兰卡,81,3,0
2020-03-22,利比里亚,3,0,0
2020-03-22,立陶宛,105,1,1
2020-03-22,卢森堡,798,6,8
2020-03-22,拉脱维亚,139,1,0
2020-03-22,摩洛哥,104,3,3
2020-03-22,摩纳哥,18,0,0
2020-03-22,摩尔多瓦,80,1,1
2020-03-22,黑山,14,0,0
2020-03-22,马达加斯加,3,0,0
2020-03-22,北马其顿,114,1,0
2020-03-22,马提尼克,37,0,1
2020-03-22,蒙特塞拉特,1,0,0
2020-03-22,马耳他,73,2,0
2020-03-22,毛里求斯,18,0,1
2020-03-22,马尔代夫,13,0,0
2020-03-22,墨西哥,251,4,2
2020-03-22,马来西亚,1306,139,10
2020-03-22,尼日尔,2,0,0
2020-03-22,尼日利亚,27,2,0
2020-03-22,尼加拉瓜,2,0,0
2020-03-22,荷兰,4216,2,180
2020-03-22,挪威,2249,1,7
2020-03-22,尼泊尔,1,1,0
2020-03-22,新西兰,67,0,0
2020-03-22,阿曼,55,13,0
2020-03-22,巴拿马,245,0,3
2020-03-22,秘鲁,318,1,5
2020-03-22,法属波利尼西亚,15,0,0
2020-03-22,巴布亚新几内亚,1,0,0
2020-03-22,菲律宾,380,15,25
2020-03-22,巴基斯坦,733,13,3
2020-03-22,波兰,563,13,5
2020-03-22,波多黎各,5,0,0
2020-03-22,巴勒斯坦,61,17,0
2020-03-22,葡萄牙,1600,19,14
2020-03-22,巴拉圭,22,0,1
2020-03-22,卡塔尔,481,27,0
2020-03-22,留尼汪,47,0,0
2020-03-22,罗马尼亚,433,64,2
2020-03-22,塞尔维亚,188,2,2
2020-03-22,俄罗斯,367,16,1
2020-03-22,卢旺达,17,0,0
2020-03-22,沙特阿拉伯,511,16,0
2020-03-22,塞舌尔,7,0,0
2020-03-22,苏丹,2,0,1
2020-03-22,瑞典,1925,16,21
2020-03-22,新加坡,455,144,2
2020-03-22,斯洛文尼亚,383,0,1
2020-03-22,斯洛伐克,178,0,0
2020-03-22,圣马力诺,160,4,20
2020-03-22,塞内加尔,56,5,0
2020-03-22,索马里,1,0,0
2020-03-22,苏里南,4,0,0
2020-03-22,萨尔瓦多,1,0,0
2020-03-22,斯威士兰,4,0,0
2020-03-22,乍得,1,0,0
2020-03-22,多哥,16,0,0
2020-03-22,泰国,599,44,1
2020-03-22,东帝汶,1,0,0
2020-03-22,突尼斯,75,1,3
2020-03-22,土耳其,947,0,21
2020-03-22,特立尼达和多巴哥,9,0,0
2020-03-22,坦桑尼亚,6,0,0
2020-03-22,乌克兰,47,0,3
2020-03-22,乌干达,1,0,0
2020-03-22,美国,27111,178,346
2020-03-22,乌拉圭,135,0,0
2020-03-22,乌兹别克斯坦,43,0,0
2020-03-22,梵蒂冈,1,0,0
2020-03-22,圣文森特和格林纳丁斯,1,0,0
2020-03-22,委内瑞拉,70,15,0
2020-03-22,美属维尔京群岛,2,0,0
2020-03-22,越南,106,17,0
2020-03-22,马约特,6,0,0
2020-03-22,南非,240,1,0
2020-03-22,赞比亚,3,0,0
2020-03-22,津巴布韦,2,0,0
2020-03-22,纳米比亚,3,0,0
2020-03-23,钻石号邮轮,712,574,10
2020-03-23,波黑,128,2,1
2020-03-23,蒙古,10,0,0
2020-03-23,荷属安的列斯,3,0,0
2020-03-23,泽西岛,2,0,0
2020-03-23,毛利塔尼亚,2,0,0
2020-03-23,格恩西岛,1,0,0
2020-03-23,安道尔,133,1,1
2020-03-23,阿联酋,198,41,2
2020-03-23,阿富汗,40,0,0
2020-03-23,安提瓜和巴布达,1,0,0
2020-03-23,阿尔巴尼亚,89,0,2
2020-03-23,亚美尼亚,194,2,0
2020-03-23,安哥拉,2,0,0
2020-03-23,阿根廷,266,3,4
2020-03-23,奥地利,3923,9,16
2020-03-23,澳大利亚,1709,119,7
2020-03-23,阿鲁巴,4,0,0
2020-03-23,阿塞拜疆,72,10,1
2020-03-23,巴巴多斯,14,0,0
2020-03-23,孟加拉,27,3,2
2020-03-23,比利时,3743,350,88
2020-03-23,布基纳法索,75,5,4
2020-03-23,保加利亚,190,3,3
2020-03-23,巴林,339,160,2
2020-03-23,贝宁,2,0,0
2020-03-23,文莱,91,2,0
2020-03-23,玻利维亚,24,0,0
2020-03-23,巴西,1620,150,25
2020-03-23,巴哈马,4,0,0
2020-03-23,不丹,2,0,0
2020-03-23,白俄罗斯,81,22,0
2020-03-23,加拿大,1470,11,20
2020-03-23,刚果（金）,30,0,2
2020-03-23,中非,3,0,0
2020-03-23,刚果（布）,4,0,0
2020-03-23,瑞士,8547,131,118
2020-03-23,科特迪瓦,14,1,0
2020-03-23,智利,746,8,1
2020-03-23,喀麦隆,56,2,0
2020-03-23,中国,81747,73299,3283
2020-03-23,哥伦比亚,235,3,2
2020-03-23,哥斯达黎加,134,2,2
2020-03-23,古巴,35,0,1
2020-03-23,佛得角,3,0,0
2020-03-23,塞浦路斯,95,0,1
2020-03-23,捷克,1165,7,1
2020-03-23,德国,27289,422,115
2020-03-23,吉布提,1,0,0
2020-03-23,丹麦,1572,15,13
2020-03-23,多米尼加,202,0,3
2020-03-23,阿尔及利亚,201,32,17
2020-03-23,厄瓜多尔,789,3,14
2020-03-23,爱沙尼亚,352,4,0
2020-03-23,埃及,327,56,14
2020-03-23,厄立特里亚,1,0,0
2020-03-23,西班牙,33089,3355,2182
2020-03-23,埃塞俄比亚,11,0,0
2020-03-23,芬兰,700,10,1
2020-03-23,斐济,1,0,0
2020-03-23,法罗群岛,92,0,0
2020-03-23,法国,16928,2201,676
2020-03-23,加蓬,5,0,1
2020-03-23,英国,5748,137,289
2020-03-23,格鲁吉亚,54,1,0
2020-03-23,法属圭亚那,18,6,0
2020-03-23,加纳,24,0,1
2020-03-23,直布罗陀,3,0,0
2020-03-23,格陵兰,1,0,0
2020-03-23,冈比亚,1,0,0
2020-03-23,几内亚,2,0,0
2020-03-23,瓜德罗普,56,0,1
2020-03-23,赤道几内亚,9,0,0
2020-03-23,希腊,624,19,15
2020-03-23,危地马拉,19,0,1
2020-03-23,关岛,15,0,0
2020-03-23,圭亚那,7,0,1
2020-03-23,洪都拉斯,26,0,0
2020-03-23,克罗地亚,306,5,1
2020-03-23,海地,2,0,0
2020-03-23,匈牙利,167,16,7
2020-03-23,印度尼西亚,579,20,49
2020-03-23,爱尔兰,906,5,4
2020-03-23,以色列,1238,37,1
2020-03-23,印度,425,27,8
2020-03-23,伊拉克,266,62,23
2020-03-23,伊朗,23049,7913,1812
2020-03-23,冰岛,588,36,1
2020-03-23,意大利,60441,7024,5476
2020-03-23,牙买加,19,2,1
2020-03-23,约旦,112,1,0
2020-03-23,日本,1138,272,42
2020-03-23,肯尼亚,15,0,0
2020-03-23,吉尔吉斯斯坦,16,0,0
2020-03-23,柬埔寨,84,2,0
2020-03-23,韩国,8961,3166,111
2020-03-23,科威特,189,30,0
2020-03-23,开曼群岛,1,0,1
2020-03-23,哈萨克斯坦,60,0,0
2020-03-23,黎巴嫩,267,8,4
2020-03-23,圣卢西亚,2,0,0
2020-03-23,列支敦士登,44,0,0
2020-03-23,斯里兰卡,92,3,0
2020-03-23,利比里亚,3,0,0
2020-03-23,立陶宛,154,1,1
2020-03-23,卢森堡,798,6,8
2020-03-23,拉脱维亚,180,1,0
2020-03-23,摩洛哥,134,3,4
2020-03-23,摩纳哥,23,0,0
2020-03-23,摩尔多瓦,94,1,1
2020-03-23,黑山,21,0,0
2020-03-23,马达加斯加,12,0,0
2020-03-23,北马其顿,136,1,1
2020-03-23,马提尼克,37,0,1
2020-03-23,蒙特塞拉特,1,0,0
2020-03-23,马耳他,107,2,0
2020-03-23,毛里求斯,28,0,1
2020-03-23,马尔代夫,13,0,0
2020-03-23,墨西哥,361,4,2
2020-03-23,马来西亚,1518,139,10
2020-03-23,尼日尔,2,0,0
2020-03-23,尼日利亚,30,2,0
2020-03-23,尼加拉瓜,2,0,0
2020-03-23,荷兰,4749,3,213
2020-03-23,挪威,2538,6,9
2020-03-23,尼泊尔,2,1,0
2020-03-23,新西兰,102,0,0
2020-03-23,阿曼,66,17,0
2020-03-23,巴拿马,313,1,3
2020-03-23,秘鲁,363,1,5
2020-03-23,法属波利尼西亚,15,0,0
2020-03-23,巴布亚新几内亚,1,0,0
2020-03-23,菲律宾,462,18,33
2020-03-23,巴基斯坦,825,13,6
2020-03-23,波兰,684,13,8
2020-03-23,波多黎各,5,0,0
2020-03-23,巴勒斯坦,61,17,0
2020-03-23,葡萄牙,2060,5,23
2020-03-23,巴拉圭,22,0,1
2020-03-23,卡塔尔,494,27,0
2020-03-23,留尼汪,47,0,0
2020-03-23,罗马尼亚,576,73,5
2020-03-23,塞尔维亚,222,2,2
2020-03-23,俄罗斯,438,17,1
2020-03-23,卢旺达,19,0,0
2020-03-23,沙特阿拉伯,562,19,0
2020-03-23,塞舌尔,7,0,0
2020-03-23,苏丹,2,0,1
2020-03-23,瑞典,2038,16,25
2020-03-23,新加坡,509,152,2
2020-03-23,斯洛文尼亚,414,0,2
2020-03-23,斯洛伐克,186,7,0
2020-03-23,圣马力诺,187,4,20
2020-03-23,塞内加尔,67,5,0
2020-03-23,索马里,1,0,0
2020-03-23,苏里南,5,0,0
2020-03-23,萨尔瓦多,3,0,0
2020-03-23,叙利亚,1,0,0
2020-03-23,斯威士兰,4,0,0
2020-03-23,乍得,1,0,0
2020-03-23,多哥,16,0,0
2020-03-23,泰国,721,45,1
2020-03-23,东帝汶,1,0,0
2020-03-23,突尼斯,89,1,3
2020-03-23,土耳其,1236,0,30
2020-03-23,特立尼达和多巴哥,50,1,0
2020-03-23,坦桑尼亚,12,0,0
2020-03-23,乌克兰,73,1,3
2020-03-23,乌干达,1,0,0
2020-03-23,美国,39183,178,473
2020-03-23,乌拉圭,158,0,0
2020-03-23,乌兹别克斯坦,43,0,0
2020-03-23,梵蒂冈,1,0,0
2020-03-23,圣文森特和格林纳丁斯,1,0,0
2020-03-23,委内瑞拉,77,15,0
2020-03-23,美属维尔京群岛,2,0,0
2020-03-23,越南,123,17,0
2020-03-23,马约特,11,0,0
2020-03-23,南非,402,1,0
2020-03-23,赞比亚,3,0,0
2020-03-23,津巴布韦,3,0,1
2020-03-23,纳米比亚,3,0,0
2020-03-24,钻石号邮轮,712,587,10
2020-03-24,波黑,136,2,1
2020-03-24,蒙古,10,0,0
2020-03-24,荷属安的列斯,3,0,0
2020-03-24,泽西岛,2,0,0
2020-03-24,毛利塔尼亚,2,0,0
2020-03-24,格恩西岛,1,0,0
2020-03-24,安道尔,162,1,1
2020-03-24,阿联酋,198,41,2
2020-03-24,阿富汗,42,0,0
2020-03-24,安提瓜和巴布达,3,0,0
2020-03-24,阿尔巴尼亚,123,2,4
2020-03-24,亚美尼亚,235,2,0
2020-03-24,安哥拉,3,0,0
2020-03-24,阿根廷,301,3,4
2020-03-24,奥地利,4876,9,25
2020-03-24,澳大利亚,2136,118,8
2020-03-24,阿鲁巴,12,0,0
2020-03-24,阿塞拜疆,87,10,1
2020-03-24,巴巴多斯,17,0,0
2020-03-24,孟加拉,33,3,2
2020-03-24,比利时,4269,461,122
2020-03-24,布基纳法索,114,7,4
2020-03-24,保加利亚,202,3,3
2020-03-24,巴林,391,177,2
2020-03-24,贝宁,6,0,0
2020-03-24,文莱,104,2,0
2020-03-24,玻利维亚,27,0,0
2020-03-24,巴西,1965,150,34
2020-03-24,巴哈马,4,0,0
2020-03-24,不丹,2,0,0
2020-03-24,白俄罗斯,81,22,0
2020-03-24,伯利兹,1,0,0
2020-03-24,加拿大,2088,11,25
2020-03-24,刚果（金）,36,0,2
2020-03-24,中非,3,0,0
2020-03-24,刚果（布）,4,0,0
2020-03-24,瑞士,9494,131,124
2020-03-24,科特迪瓦,25,2,0
2020-03-24,智利,746,8,1
2020-03-24,喀麦隆,66,2,0
2020-03-24,中国,81846,73791,3287
2020-03-24,哥伦比亚,306,6,3
2020-03-24,哥斯达黎加,158,2,2
2020-03-24,古巴,40,0,1
2020-03-24,佛得角,3,0,0
2020-03-24,塞浦路斯,116,0,1
2020-03-24,捷克,1289,7,1
2020-03-24,德国,31370,749,132
2020-03-24,吉布提,3,0,0
2020-03-24,丹麦,1703,15,24
2020-03-24,多米尼克,2,0,0
2020-03-24,多米尼加,245,3,3
2020-03-24,阿尔及利亚,230,32,17
2020-03-24,厄瓜多尔,981,3,18
2020-03-24,爱沙尼亚,369,4,0
2020-03-24,埃及,366,68,19
2020-03-24,厄立特里亚,1,0,0
2020-03-24,西班牙,39675,3355,2696
2020-03-24,埃塞俄比亚,11,0,0
2020-03-24,芬兰,700,10,1
2020-03-24,斐济,4,0,0
2020-03-24,法罗群岛,122,0,0
2020-03-24,法国,20149,2207,862
2020-03-24,加蓬,6,0,1
2020-03-24,英国,6733,140,336
2020-03-24,格林纳达,1,0,0
2020-03-24,格鲁吉亚,67,8,0
2020-03-24,法属圭亚那,18,6,0
2020-03-24,加纳,27,0,1
2020-03-24,直布罗陀,3,0,0
2020-03-24,格陵兰,1,0,0
2020-03-24,冈比亚,2,0,0
2020-03-24,几内亚,4,0,0
2020-03-24,瓜德罗普,62,0,1
2020-03-24,赤道几内亚,9,0,0
2020-03-24,希腊,695,19,17
2020-03-24,危地马拉,20,0,1
2020-03-24,关岛,29,0,1
2020-03-24,圭亚那,20,0,1
2020-03-24,洪都拉斯,30,0,0
2020-03-24,克罗地亚,361,5,1
2020-03-24,海地,6,0,0
2020-03-24,匈牙利,187,16,7
2020-03-24,印度尼西亚,686,30,55
2020-03-24,爱尔兰,1125,5,6
2020-03-24,以色列,1656,49,1
2020-03-24,印度,519,37,10
2020-03-24,伊拉克,266,62,23
2020-03-24,伊朗,24811,8913,1934
2020-03-24,冰岛,648,51,1
2020-03-24,意大利,63927,7432,6077
2020-03-24,牙买加,19,2,1
2020-03-24,约旦,127,1,0
2020-03-24,日本,1209,285,42
2020-03-24,肯尼亚,16,0,0
2020-03-24,吉尔吉斯斯坦,16,0,0
2020-03-24,柬埔寨,87,2,0
2020-03-24,韩国,9037,3507,120
2020-03-24,科威特,191,30,0
2020-03-24,开曼群岛,1,0,1
2020-03-24,哈萨克斯坦,66,0,0
2020-03-24,老挝,2,0,0
2020-03-24,黎巴嫩,304,8,4
2020-03-24,圣卢西亚,3,0,0
2020-03-24,列支敦士登,51,0,0
2020-03-24,斯里兰卡,100,3,0
2020-03-24,利比里亚,3,0,0
2020-03-24,立陶宛,187,1,1
2020-03-24,卢森堡,875,6,8
2020-03-24,拉脱维亚,197,1,0
2020-03-24,摩洛哥,143,5,4
2020-03-24,摩纳哥,23,0,0
2020-03-24,摩尔多瓦,109,2,1
2020-03-24,黑山,27,0,0
2020-03-24,马达加斯加,12,0,0
2020-03-24,北马其顿,148,1,2
2020-03-24,缅甸,2,0,0
2020-03-24,马提尼克,53,0,1
2020-03-24,蒙特塞拉特,1,0,0
2020-03-24,马耳他,110,2,0
2020-03-24,毛里求斯,36,0,2
2020-03-24,马尔代夫,13,0,0
2020-03-24,墨西哥,367,4,4
2020-03-24,马来西亚,1624,183,15
2020-03-24,莫桑比克,1,0,0
2020-03-24,尼日尔,3,0,0
2020-03-24,尼日利亚,42,2,1
2020-03-24,尼加拉瓜,2,0,0
2020-03-24,荷兰,5578,3,277
2020-03-24,挪威,2726,6,12
2020-03-24,尼泊尔,2,1,0
2020-03-24,新西兰,155,12,0
2020-03-24,阿曼,84,17,0
2020-03-24,巴拿马,345,1,3
2020-03-24,秘鲁,395,1,5
2020-03-24,法属波利尼西亚,15,0,0
2020-03-24,巴布亚新几内亚,1,0,0
2020-03-24,菲律宾,552,19,33
2020-03-24,巴基斯坦,918,13,7
2020-03-24,波兰,799,13,9
2020-03-24,波多黎各,31,0,2
2020-03-24,巴勒斯坦,61,17,0
2020-03-24,葡萄牙,2362,14,23
2020-03-24,巴拉圭,22,0,1
2020-03-24,卡塔尔,501,34,0
2020-03-24,留尼汪,71,0,0
2020-03-24,罗马尼亚,762,79,8
2020-03-24,塞尔维亚,303,3,3
2020-03-24,俄罗斯,498,17,1
2020-03-24,卢旺达,36,0,0
2020-03-24,沙特阿拉伯,767,28,1
2020-03-24,塞舌尔,7,0,0
2020-03-24,苏丹,3,0,1
2020-03-24,瑞典,2104,16,33
2020-03-24,新加坡,558,156,2
2020-03-24,斯洛文尼亚,480,0,4
2020-03-24,斯洛伐克,204,7,0
2020-03-24,圣马力诺,187,4,20
2020-03-24,塞内加尔,86,8,0
2020-03-24,索马里,1,0,0
2020-03-24,苏里南,6,0,0
2020-03-24,萨尔瓦多,5,0,0
2020-03-24,叙利亚,1,0,0
2020-03-24,斯威士兰,5,0,0
2020-03-24,乍得,1,0,0
2020-03-24,多哥,18,0,0
2020-03-24,泰国,827,45,4
2020-03-24,东帝汶,1,0,0
2020-03-24,突尼斯,114,1,3
2020-03-24,土耳其,1529,0,37
2020-03-24,特立尼达和多巴哥,52,1,0
2020-03-24,坦桑尼亚,12,0,0
2020-03-24,乌克兰,84,1,3
2020-03-24,乌干达,9,0,0
2020-03-24,美国,46450,178,586
2020-03-24,乌拉圭,162,0,0
2020-03-24,乌兹别克斯坦,49,0,0
2020-03-24,梵蒂冈,1,0,0
2020-03-24,圣文森特和格林纳丁斯,1,0,0
2020-03-24,委内瑞拉,84,15,0
2020-03-24,美属维尔京群岛,17,0,0
2020-03-24,越南,132,17,0
2020-03-24,马约特,24,0,0
2020-03-24,南非,554,4,0
2020-03-24,赞比亚,3,0,0
2020-03-24,津巴布韦,3,0,1
2020-03-24,纳米比亚,4,0,0
2020-03-25,钻石号邮轮,712,590,10
2020-03-25,波黑,168,2,3
2020-03-25,蒙古,10,0,0
2020-03-25,荷属安的列斯,3,0,0
2020-03-25,泽西岛,2,0,0
2020-03-25,毛利塔尼亚,2,0,0
2020-03-25,格恩西岛,1,0,0
2020-03-25,安道尔,185,1,1
2020-03-25,阿联酋,333,45,2
2020-03-25,阿富汗,74,1,2
2020-03-25,安提瓜和巴布达,3,0,0
2020-03-25,阿尔巴尼亚,123,10,5
2020-03-25,亚美尼亚,265,16,0
2020-03-25,安哥拉,3,0,0
2020-03-25,阿根廷,387,52,6
2020-03-25,奥地利,5499,9,30
2020-03-25,澳大利亚,2423,119,8
2020-03-25,阿鲁巴,12,0,0
2020-03-25,阿塞拜疆,87,10,1
2020-03-25,巴巴多斯,18,0,0
2020-03-25,孟加拉,39,7,5
2020-03-25,比利时,4937,461,122
2020-03-25,布基纳法索,114,7,4
2020-03-25,保加利亚,220,4,3
2020-03-25,巴林,392,177,3
2020-03-25,贝宁,6,0,0
2020-03-25,文莱,104,2,0
2020-03-25,玻利维亚,32,0,0
2020-03-25,巴西,2271,150,47
2020-03-25,巴哈马,5,0,0
2020-03-25,不丹,2,0,0
2020-03-25,白俄罗斯,81,29,0
2020-03-25,伯利兹,1,0,0
2020-03-25,加拿大,2792,110,27
2020-03-25,刚果（金）,48,1,3
2020-03-25,中非,3,0,0
2020-03-25,刚果（布）,4,0,0
2020-03-25,瑞士,10456,131,145
2020-03-25,科特迪瓦,73,2,0
2020-03-25,智利,992,17,2
2020-03-25,喀麦隆,66,2,1
2020-03-25,中国,81960,74196,3293
2020-03-25,哥伦比亚,378,6,3
2020-03-25,哥斯达黎加,177,2,2
2020-03-25,古巴,48,1,1
2020-03-25,佛得角,3,0,0
2020-03-25,塞浦路斯,124,3,3
2020-03-25,捷克,1497,10,3
2020-03-25,德国,35353,3540,181
2020-03-25,吉布提,3,0,0
2020-03-25,丹麦,1852,41,34
2020-03-25,多米尼克,2,0,0
2020-03-25,多米尼加,312,3,6
2020-03-25,阿尔及利亚,264,65,19
2020-03-25,厄瓜多尔,1082,3,27
2020-03-25,爱沙尼亚,404,8,0
2020-03-25,埃及,442,80,21
2020-03-25,厄立特里亚,1,0,0
2020-03-25,西班牙,47610,5367,3434
2020-03-25,埃塞俄比亚,12,0,0
2020-03-25,芬兰,853,10,3
2020-03-25,斐济,5,0,0
2020-03-25,法罗群岛,122,0,0
2020-03-25,法国,22633,3288,1102
2020-03-25,加蓬,6,0,1
2020-03-25,英国,8167,140,435
2020-03-25,格林纳达,1,0,0
2020-03-25,格鲁吉亚,73,10,0
2020-03-25,法属圭亚那,18,6,0
2020-03-25,加纳,53,0,2
2020-03-25,直布罗陀,3,0,0
2020-03-25,格陵兰,1,0,0
2020-03-25,冈比亚,3,0,0
2020-03-25,几内亚,4,0,0
2020-03-25,瓜德罗普,62,0,1
2020-03-25,赤道几内亚,9,0,0
2020-03-25,希腊,743,19,20
2020-03-25,危地马拉,21,0,1
2020-03-25,关岛,29,0,1
2020-03-25,圭亚那,20,0,1
2020-03-25,洪都拉斯,36,0,0
2020-03-25,克罗地亚,418,16,1
2020-03-25,海地,7,0,0
2020-03-25,匈牙利,226,21,10
2020-03-25,印度尼西亚,790,31,58
2020-03-25,爱尔兰,1329,5,7
2020-03-25,以色列,2170,58,5
2020-03-25,印度,606,40,10
2020-03-25,伊拉克,316,75,27
2020-03-25,伊朗,27017,9625,2077
2020-03-25,冰岛,648,51,1
2020-03-25,意大利,69176,8326,6820
2020-03-25,牙买加,25,2,1
2020-03-25,约旦,154,1,0
2020-03-25,日本,1302,301,44
2020-03-25,肯尼亚,25,0,0
2020-03-25,吉尔吉斯斯坦,42,0,0
2020-03-25,柬埔寨,93,4,0
2020-03-25,韩国,9137,3730,126
2020-03-25,科威特,195,43,0
2020-03-25,开曼群岛,1,0,1
2020-03-25,哈萨克斯坦,79,0,0
2020-03-25,老挝,2,0,0
2020-03-25,黎巴嫩,333,8,4
2020-03-25,圣卢西亚,3,0,0
2020-03-25,列支敦士登,51,0,0
2020-03-25,斯里兰卡,102,3,0
2020-03-25,利比里亚,3,0,0
2020-03-25,立陶宛,255,1,3
2020-03-25,卢森堡,1099,6,8
2020-03-25,拉脱维亚,221,1,0
2020-03-25,利比亚,3,0,0
2020-03-25,摩洛哥,170,6,5
2020-03-25,摩纳哥,27,1,0
2020-03-25,摩尔多瓦,125,2,1
2020-03-25,黑山,52,0,1
2020-03-25,马达加斯加,19,0,0
2020-03-25,北马其顿,148,1,2
2020-03-25,马里,2,0,0
2020-03-25,缅甸,2,0,0
2020-03-25,马提尼克,53,0,1
2020-03-25,蒙特塞拉特,1,0,0
2020-03-25,马耳他,110,2,0
2020-03-25,毛里求斯,48,0,2
2020-03-25,马尔代夫,13,5,0
2020-03-25,墨西哥,405,4,5
2020-03-25,马来西亚,1796,183,17
2020-03-25,莫桑比克,3,0,0
2020-03-25,尼日尔,7,0,1
2020-03-25,尼日利亚,46,2,1
2020-03-25,尼加拉瓜,2,0,0
2020-03-25,荷兰,6412,3,356
2020-03-25,挪威,2902,6,13
2020-03-25,尼泊尔,3,1,0
2020-03-25,新西兰,205,22,0
2020-03-25,阿曼,99,17,0
2020-03-25,巴拿马,443,1,6
2020-03-25,秘鲁,419,1,7
2020-03-25,法属波利尼西亚,15,0,0
2020-03-25,巴布亚新几内亚,1,0,0
2020-03-25,菲律宾,636,26,38
2020-03-25,巴基斯坦,1000,19,7
2020-03-25,波兰,927,13,10
2020-03-25,波多黎各,31,0,2
2020-03-25,巴勒斯坦,61,17,0
2020-03-25,葡萄牙,2995,22,43
2020-03-25,巴拉圭,37,0,3
2020-03-25,卡塔尔,526,41,0
2020-03-25,留尼汪,71,0,0
2020-03-25,罗马尼亚,906,86,13
2020-03-25,塞尔维亚,303,15,4
2020-03-25,俄罗斯,658,29,1
2020-03-25,卢旺达,40,0,0
2020-03-25,沙特阿拉伯,900,28,2
2020-03-25,塞舌尔,7,0,0
2020-03-25,苏丹,3,0,1
2020-03-25,瑞典,2318,16,41
2020-03-25,新加坡,631,156,2
2020-03-25,斯洛文尼亚,528,10,5
2020-03-25,斯洛伐克,216,7,0
2020-03-25,圣马力诺,187,4,21
2020-03-25,塞内加尔,86,8,0
2020-03-25,索马里,1,0,0
2020-03-25,苏里南,7,0,0
2020-03-25,萨尔瓦多,9,0,0
2020-03-25,叙利亚,1,0,0
2020-03-25,斯威士兰,5,0,0
2020-03-25,乍得,3,0,0
2020-03-25,多哥,20,0,0
2020-03-25,泰国,934,70,4
2020-03-25,东帝汶,1,0,0
2020-03-25,突尼斯,114,1,3
2020-03-25,土耳其,1872,0,44
2020-03-25,特立尼达和多巴哥,57,1,0
2020-03-25,坦桑尼亚,12,0,0
2020-03-25,乌克兰,113,1,4
2020-03-25,乌干达,9,0,0
2020-03-25,美国,55231,354,797
2020-03-25,乌拉圭,189,0,0
2020-03-25,乌兹别克斯坦,55,0,0
2020-03-25,梵蒂冈,4,0,0
2020-03-25,圣文森特和格林纳丁斯,1,0,0
2020-03-25,委内瑞拉,91,15,0
2020-03-25,美属维尔京群岛,17,0,0
2020-03-25,越南,134,17,0
2020-03-25,马约特,24,0,0
2020-03-25,南非,709,4,0
2020-03-25,赞比亚,3,0,0
2020-03-25,津巴布韦,3,0,1
2020-03-25,纳米比亚,7,2,0
